y,x1,x2,x3,x4,x5,x6
3,R100 ,R131 ,17413.06,1.02,80844,5
4,R100 ,R114 ,23290.41,1.36,82980,5
5,R100 ,R163 ,18241.02,1.06,80933,5
12,R100 ,R117 ,20692.01,1.21,69184,7
13,R300 ,R352 ,8252.73,0.48,69674,6
19,R100 ,R129 ,16169.47,0.94,74595,6
26,R100 ,R117 ,20397.41,1.19,72984,7
43,R300 ,R301 ,18933.64,1.1,81050,6
48,R100 ,R175 ,14473.25,0.84,78121,8
52,R100 ,R126 ,17470.96,1.02,73182,5
55,R300 ,R352 ,11862.25,0.69,75618,6
61,R100 ,R143 ,31066.83,1.81,79900,8
64,R100 ,R176 ,26316.01,1.53,80978,8
67,R300 ,R326 ,8210.73,0.48,74609,6
68,R100 ,R102 ,13214,0.77,72394,5
69,R100 ,R105 ,16713.05,0.97,72221,7
75,R300 ,R311 ,11314.14,0.66,77492,6
76,R100 ,R143 ,22717.36,1.32,79855,8
78,R100 ,R147 ,11464.04,0.67,62523,5
79,R100 ,R176 ,16834.94,0.98,74041,8
80,R300 ,R326 ,11171.17,0.65,64431,6
82,R100 ,R110 ,13369.59,0.78,80681,5
83,R300 ,R352 ,8377.58,0.49,74591,6
85,R100 ,R143 ,17766.32,1.04,59142,8
86,R100 ,R127 ,14260.12,0.83,59850,7
90,R300 ,R332 ,15633,0.91,76659,4
93,R100 ,R179 ,14529.19,0.85,72158,8
95,R300 ,R341 ,8524.54,0.5,73885,6
96,R300 ,R322 ,10237.9,0.6,65671,6
100,R100 ,R101 ,21131.13,1.23,87002,5
108,R100 ,R140 ,15754.07,0.92,71622,5
111,R100 ,R138 ,11261.98,0.66,66487,5
137,R100 ,R147 ,15292.52,0.89,64431,5
139,R100 ,R168 ,11471.15,0.67,64721,5
144,R300 ,R333 ,10607.4,0.62,73295,4
146,R300 ,R369 ,18405.68,1.07,81849,4
147,R100 ,R177 ,12738.47,0.74,64658,8
151,R300 ,R351 ,13956.32,0.81,76401,4
152,R100 ,R150 ,12321.35,0.72,61912,5
154,R100 ,R177 ,14698.64,0.86,77392,8
158,R300 ,R303 ,10653.68,0.62,77114,6
162,R100 ,R167 ,12722.31,0.74,62900,6
164,R100 ,R176 ,11060.36,0.65,48505,8
167,R300 ,R353 ,9746.49,0.57,64427,6
171,R100 ,R161 ,17392.43,1.01,64978,8
176,R300 ,R327 ,8160.21,0.48,54334,6
183,R200 ,R219 ,13248.23,0.77,63185,9
184,R200 ,R263 ,24366.54,1.42,69243,9
188,R200 ,R248 ,11887.53,0.69,71593,9
189,R200 ,R263 ,15584.92,0.91,59354,9
190,R200 ,R263 ,24461.04,1.43,75264,9
192,R200 ,R222 ,13160.46,0.77,76558,9
193,R200 ,R222 ,14146.35,0.83,68708,9
195,R200 ,R207 ,23764.51,1.39,72859,9
198,R200 ,R239 ,23030.22,1.34,73725,9
199,R200 ,R239 ,26726.84,1.56,75022,9
200,R200 ,R239 ,21217.78,1.24,74377,9
201,R200 ,R201 ,25958.87,1.51,73626,9
203,R200 ,R201 ,16166.95,0.94,77253,9
205,R200 ,R231 ,16046.88,0.94,59508,9
212,R200 ,R232 ,14804.74,0.86,74467,9
215,R100 ,R114 ,21632.8,1.26,81513,5
217,R100 ,R107 ,18711.11,1.09,65702,7
219,R300 ,R342 ,10912.68,0.64,63415,6
220,R100 ,R101 ,19106.85,1.11,86457,5
221,R300 ,R352 ,10463.51,0.61,72153,6
222,R200 ,R217 ,12018.7,0.7,77076,9
223,R100 ,R110 ,13154.64,0.77,73069,5
224,R100 ,R176 ,14574.35,0.85,64499,8
226,R200 ,R206 ,10126.04,0.59,78081,9
227,R200 ,R217 ,15610.25,0.91,75351,9
228,R200 ,R209 ,14994.32,0.87,65908,9
229,R200 ,R222 ,19104.43,1.11,71296,9
230,R200 ,R244 ,14022.91,0.82,75821,9
233,R300 ,R377 ,11728.62,0.68,77536,9
238,R100 ,R128 ,13388.86,0.78,65788,5
239,R100 ,R118 ,16367.14,0.95,66234,7
245,R200 ,R219 ,15621.46,0.91,66047,9
246,R200 ,R209 ,15074.4,0.88,75764,9
249,R200 ,R202 ,18977.52,1.11,65847,9
250,R200 ,R202 ,15300.04,0.89,66600,9
251,R300 ,R379 ,12822.92,0.75,73509,9
253,R100 ,R161 ,15975.28,0.93,49740,8
254,R300 ,R342 ,11721.89,0.68,49242,6
255,R300 ,R352 ,8613.77,0.5,65457,6
256,R100 ,R175 ,26823.57,1.56,72029,8
257,R200 ,R219 ,16386,0.96,75789,9
258,R200 ,R206 ,11366.3,0.66,66623,9
259,R200 ,R261 ,18550.29,1.08,80244,9
260,R100 ,R101 ,16117.45,0.94,63467,5
264,R300 ,R373 ,12624.49,0.74,61072,9
265,R300 ,R380 ,11977.66,0.7,81141,9
267,R200 ,R220 ,17884.67,1.04,81103,9
271,R100 ,R179 ,16025.48,0.93,76348,8
273,R200 ,R218 ,16760.95,0.98,76899,9
274,R200 ,R231 ,15577.34,0.91,71978,9
275,R200 ,R213 ,12949.36,0.76,66256,9
278,R100 ,R134 ,14748.05,0.86,75968,5
279,R100 ,R137 ,11085.89,0.65,77477,5
280,R100 ,R148 ,11631.64,0.68,76161,5
281,R100 ,R148 ,9908.12,0.58,78235,5
282,R100 ,R135 ,15323.94,0.89,73581,5
286,R200 ,R222 ,14255.01,0.83,61242,9
288,R200 ,R209 ,22006.37,1.28,81474,9
289,R200 ,R222 ,14292.38,0.83,61433,9
290,R200 ,R239 ,18461.78,1.08,86772,9
291,R200 ,R232 ,13020.93,0.76,60322,9
293,R200 ,R244 ,13748.59,0.8,62694,9
294,R200 ,R219 ,21871.31,1.28,80926,9
296,R200 ,R231 ,14391.37,0.84,67705,9
298,R200 ,R240 ,16823.13,0.98,80350,9
299,R200 ,R209 ,13201.29,0.77,65771,9
300,R200 ,R261 ,12684.69,0.74,63788,9
301,R200 ,R206 ,3620001.02,211.14,83815,9
302,R200 ,R263 ,14625.95,0.85,63132,9
303,R200 ,R261 ,14815.02,0.86,64181,9
304,R200 ,R231 ,13578.56,0.79,64076,9
305,R200 ,R231 ,15078.17,0.88,66946,9
307,R200 ,R205 ,12927.6,0.75,76103,9
309,R200 ,R240 ,13776.63,0.8,64878,9
310,R200 ,R246 ,14322.45,0.84,67605,9
311,R200 ,R220 ,18370.87,1.07,60950,9
312,R200 ,R220 ,17400.32,1.01,74884,9
313,R200 ,R246 ,22900.55,1.34,72559,9
314,R200 ,R213 ,13669.59,0.8,62438,9
317,R200 ,R208 ,23051.67,1.34,64525,9
318,R200 ,R208 ,18353.7,1.07,78674,9
319,R300 ,R379 ,13809.68,0.81,72008,9
320,R200 ,R210 ,27109.95,1.58,86991,9
321,R200 ,R210 ,16997.32,0.99,73450,9
322,R200 ,R210 ,17208.92,1,64752,9
323,R200 ,R233 ,15363.32,0.9,80548,9
324,R200 ,R233 ,21284.51,1.24,86940,9
328,R200 ,R237 ,43726.31,2.55,70781,9
330,R200 ,R247 ,12027.58,0.7,68082,9
331,R200 ,R247 ,17419.86,1.02,66921,9
332,R200 ,R247 ,12368.4,0.72,65852,9
335,R300 ,R305 ,11422.19,0.67,66727,6
336,R200 ,R202 ,21101.16,1.23,71527,9
337,R200 ,R264 ,14635.59,0.85,66550,10
338,R200 ,R264 ,16602.57,0.97,76473,10
339,R200 ,R265 ,16888.18,0.99,58755,10
341,R200 ,R259 ,22173.45,1.29,76337,10
342,R200 ,R259 ,15013.57,0.88,71806,10
343,R200 ,R258 ,13540.57,0.79,75090,10
344,R200 ,R258 ,19060.47,1.11,74577,10
345,R200 ,R258 ,19543.35,1.14,76378,10
346,R200 ,R260 ,22555.49,1.32,82049,10
347,R100 ,R135 ,11678.05,0.68,65415,5
348,R200 ,R264 ,16714.12,0.97,65578,10
349,R200 ,R262 ,14038.88,0.82,66290,10
350,R100 ,R135 ,12169.44,0.71,65379,5
351,R100 ,R134 ,12084.35,0.7,66018,5
353,R100 ,R137 ,12788.3,0.75,62972,5
354,R100 ,R148 ,13587.71,0.79,76345,5
355,R100 ,R144 ,11952.45,0.7,66017,7
356,R300 ,R378 ,16005.66,0.93,69067,6
357,R300 ,R378 ,16083.17,0.94,82732,6
358,R200 ,R213 ,15717.28,0.92,67402,9
359,R200 ,R205 ,22621.42,1.32,67096,9
360,R100 ,R163 ,13269.87,0.77,74426,5
361,R100 ,R137 ,10869.13,0.63,61750,5
362,R200 ,R258 ,11993.62,0.7,66740,10
363,R300 ,R377 ,17075.5,1,66706,9
364,R100 ,R146 ,15159.91,0.88,66271,5
365,R100 ,R137 ,13262.49,0.77,66062,5
366,R100 ,R168 ,17256.12,1.01,65990,4
373,R300 ,R334 ,14656.24,0.85,80648,4
397,R100 ,R136 ,12922.53,0.75,67248,5
530,R100 ,R107 ,19923.38,1.16,103457,7
531,R100 ,R144 ,16151.47,0.94,84704,7
532,R100 ,R107 ,17833.54,1.04,98036,7
533,R100 ,R127 ,34191.9,1.99,89039,7
604,R100 ,R136 ,14096.32,0.82,67111,5
606,R200 ,R262 ,17183.87,1,66151,10
607,R200 ,R262 ,14899.87,0.87,66057,10
608,R200 ,R260 ,15644.36,0.91,66405,10
609,R200 ,R260 ,11360.22,0.66,60279,10
610,R100 ,R136 ,11809.55,0.69,66444,5
611,R100 ,R137 ,11098.5,0.65,65653,5
612,R200 ,R260 ,16885.54,0.98,74348,10
613,R200 ,R260 ,12190.76,0.71,66333,10
614,R200 ,R250 ,12850.16,0.75,66231,9
615,R200 ,R208 ,13925.71,0.81,66575,9
616,R100 ,R137 ,10833.78,0.63,66576,5
617,R100 ,R161 ,20871.26,1.22,66088,10
618,R100 ,R177 ,12361,0.72,50149,8
619,R100 ,R126 ,19079.03,1.11,98794,5
620,R100 ,R111 ,14951.87,0.87,67544,5
622,R100 ,R148 ,11238.4,0.66,65458,5
623,R100 ,R148 ,14675.69,0.86,66573,5
624,R100 ,R148 ,11932.04,0.7,65750,5
625,R300 ,R378 ,15289.87,0.89,75376,6
626,R200 ,R237 ,13135.78,0.77,68252,9
627,R200 ,R259 ,14874.91,0.87,66207,10
628,R200 ,R262 ,18734.17,1.09,50594,10
632,R100 ,R134 ,11463.05,0.67,66097,5
634,R100 ,R148 ,15091.59,0.88,66189,5
636,R100 ,R161 ,16625.41,0.97,66748,10
637,R200 ,R259 ,13760.15,0.8,61785,10
638,R300 ,R318 ,12475.7,0.73,66168,4
639,R300 ,R374 ,12022.38,0.7,75334,9
641,R200 ,R213 ,15340.49,0.89,75407,9
642,R300 ,R310 ,16165.36,0.94,66799,4
643,R100 ,R163 ,19057.3,1.11,92458,5
645,R300 ,R315 ,11095.3,0.65,79182,4
647,R300 ,R313 ,13955.94,0.81,75669,4
649,R300 ,R324 ,15011.35,0.88,70602,4
650,R300 ,R365 ,10206.04,0.6,66253,4
652,R300 ,R314 ,13283.59,0.77,66845,4
654,R300 ,R354 ,15300.77,0.89,76687,4
655,R300 ,R314 ,13824.79,0.81,74609,4
656,R300 ,R314 ,11401.5,0.66,73212,4
657,R100 ,R114 ,16250.62,0.95,72026,5
658,R100 ,R143 ,13334.06,0.78,56072,5
659,R100 ,R114 ,14857.14,0.87,73784,5
660,R200 ,R248 ,18044.54,1.05,82029,9
661,R100 ,R131 ,11975.33,0.7,55260,5
662,R100 ,R102 ,12920.75,0.75,73838,5
663,R100 ,R111 ,14683.45,0.86,75436,5
664,R100 ,R131 ,28491.6,1.66,90014,5
665,R300 ,R354 ,12082.51,0.7,75447,4
666,R100 ,R173 ,18710.74,1.09,85468,5
669,R300 ,R315 ,13741.96,0.8,76207,4
670,R100 ,R147 ,17538.55,1.02,85753,5
671,R100 ,R136 ,15063.66,0.88,77104,5
672,R100 ,R135 ,9472.64,0.55,56980,5
673,R100 ,R148 ,12272.15,0.72,74994,5
674,R100 ,R117 ,11906.48,0.69,74825,5
675,R200 ,R247 ,12611.32,0.74,66790,9
676,R200 ,R245 ,12996.93,0.76,76516,9
677,R200 ,R244 ,15104.15,0.88,74961,9
679,R100 ,R161 ,13577.39,0.79,56269,10
680,R300 ,R380 ,12815.67,0.75,66975,9
681,R200 ,R259 ,14110.54,0.82,75520,10
682,R300 ,R332 ,14346.29,0.84,85748,4
684,R300 ,R304 ,14466.89,0.84,74003,6
685,R200 ,R219 ,14253.86,0.83,74776,9
686,R300 ,R359 ,13970.9,0.81,74939,4
687,R300 ,R324 ,22537.92,1.31,73964,4
688,R300 ,R313 ,13191.38,0.77,74889,4
689,R300 ,R360 ,11874.18,0.69,79256,4
690,R300 ,R320 ,12607.31,0.74,75475,4
692,R200 ,R212 ,16675.5,0.97,74657,9
693,R100 ,R131 ,14323.35,0.84,75068,5
694,R100 ,R102 ,19843.7,1.16,79452,5
695,R300 ,R369 ,18813.73,1.1,79827,4
696,R200 ,R264 ,11071.47,0.65,56332,10
699,R100 ,R178 ,15547.59,0.91,75653,10
700,R300 ,R376 ,13718.33,0.8,79122,9
731,R100 ,R133 ,14704.79,0.86,80185,5
732,R100 ,R121 ,16922.39,0.99,79893,5
733,R100 ,R147 ,11778.71,0.69,56463,5
734,R300 ,R348 ,13176.85,0.77,57593,4
735,R300 ,R376 ,9886.67,0.58,65587,9
736,R200 ,R232 ,14899.71,0.87,79654,9
737,R200 ,R211 ,11658.33,0.68,79226,9
738,R200 ,R218 ,12452.37,0.73,69457,9
739,R100 ,R177 ,15816.5,0.92,74947,8
740,R300 ,R348 ,13188.93,0.77,68100,4
746,R300 ,R349 ,17283.73,1.01,82780,4
747,R300 ,R346 ,12341.8,0.72,74525,4
749,R300 ,R335 ,10602.2,0.62,83248,4
750,R300 ,R348 ,16034.87,0.94,56541,4
751,R100 ,R126 ,12347.29,0.72,75151,5
752,R100 ,R118 ,12834.54,0.75,72085,7
753,R100 ,R112 ,14159.83,0.83,75137,5
754,R300 ,R331 ,13030.96,0.76,75437,4
755,R300 ,R371 ,17954.69,1.05,81291,4
756,R300 ,R351 ,12277.07,0.72,56090,4
757,R100 ,R140 ,11394.52,0.66,71676,4
758,R300 ,R321 ,9805.5,0.57,75314,6
759,R400 ,R466 ,13812.66,0.81,82346,3
760,R200 ,R265 ,12263.55,0.72,75243,10
761,R200 ,R205 ,12517.46,0.73,79627,9
762,R300 ,R355 ,13260.1,0.77,75079,4
766,R200 ,R258 ,15063.67,0.88,57588,10
767,R200 ,R206 ,11838.62,0.69,79816,9
768,R100 ,R178 ,14300.03,0.83,79041,8
769,R300 ,R374 ,12764.85,0.74,57193,6
770,R300 ,R321 ,33605.62,1.96,75023,6
771,R300 ,R327 ,12210.47,0.71,77443,6
772,R400 ,R466 ,14169.17,0.83,79977,3
773,R100 ,R140 ,10690.24,0.62,74470,5
774,R100 ,R167 ,13946.17,0.81,70113,7
775,R300 ,R302 ,11675,0.68,81270,6
778,R300 ,R336 ,11251.62,0.66,83741,4
779,R100 ,R168 ,10057.59,0.59,55763,4
780,R100 ,R168 ,14748.17,0.86,75680,4
792,R100 ,R174 ,12913.43,0.75,83730,5
793,R100 ,R171 ,12900.57,0.75,82156,5
794,R100 ,R171 ,18977.98,1.11,80586,5
795,R300 ,R351 ,12827.42,0.75,74892,4
796,R300 ,R335 ,12221.83,0.71,62396,4
797,R300 ,R359 ,11817.54,0.69,75447,4
798,R300 ,R314 ,11531.76,0.67,83273,4
799,R300 ,R354 ,14277.17,0.83,80716,4
800,R300 ,R304 ,15227.79,0.89,75364,6
801,R300 ,R305 ,12687.79,0.74,74903,6
802,R300 ,R305 ,10382.85,0.61,81104,6
803,R100 ,R105 ,12177.95,0.71,73609,7
804,R100 ,R111 ,14030.28,0.82,95593,7
805,R100 ,R146 ,11351.29,0.66,55502,5
806,R100 ,R146 ,11181.7,0.65,55848,5
807,R100 ,R128 ,14802.49,0.86,75358,5
808,R100 ,R128 ,14435.58,0.84,76023,5
809,R100 ,R146 ,14463.27,0.84,75443,5
810,R100 ,R150 ,18293.01,1.07,79359,5
811,R300 ,R348 ,11270.38,0.66,74535,4
812,R300 ,R354 ,13458.47,0.78,76779,4
813,R300 ,R320 ,12430.83,0.73,83627,4
815,R300 ,R318 ,18275.95,1.07,93937,4
816,R300 ,R360 ,16732.91,0.98,83497,4
817,R300 ,R354 ,12219.45,0.71,74986,4
818,R300 ,R320 ,16331.83,0.95,95399,4
819,R100 ,R134 ,14761.37,0.86,75749,5
820,R100 ,R124 ,13094,0.76,74449,5
821,R100 ,R114 ,13080.87,0.76,55736,5
822,R300 ,R374 ,13598.9,0.79,73133,6
823,R300 ,R374 ,10773.36,0.63,73354,6
824,R300 ,R305 ,16570.77,0.97,73531,6
825,R300 ,R375 ,21786.15,1.27,82399,9
826,R300 ,R373 ,14130.02,0.82,77967,9
827,R200 ,R247 ,14627.47,0.85,77096,9
828,R200 ,R237 ,14267.82,0.83,79853,9
830,R200 ,R265 ,14285.9,0.83,75195,10
831,R100 ,R176 ,9757.66,0.57,54546,7
832,R300 ,R378 ,10729.06,0.63,54430,6
833,R100 ,R112 ,21095.08,1.23,94531,5
834,R100 ,R122 ,10162.99,0.59,74093,5
835,R100 ,R122 ,17435.22,1.02,95756,5
836,R100 ,R122 ,18008.8,1.05,94990,5
837,R100 ,R141 ,18986.37,1.11,74725,5
838,R100 ,R115 ,16768.37,0.98,77118,5
839,R100 ,R115 ,16029.09,0.93,81683,5
840,R100 ,R115 ,18403.36,1.07,94895,5
841,R100 ,R145 ,14517.66,0.85,73806,5
842,R100 ,R121 ,13751.94,0.8,81006,5
843,R100 ,R121 ,19472.96,1.14,73299,5
844,R300 ,R348 ,18103.13,1.06,79801,4
845,R300 ,R313 ,12493.38,0.73,75701,4
847,R100 ,R114 ,17040.68,0.99,82758,5
848,R100 ,R143 ,11848.11,0.69,56972,8
849,R300 ,R374 ,15576.15,0.91,73085,6
850,R300 ,R373 ,12381.32,0.72,75112,9
851,R300 ,R375 ,10456.67,0.61,79594,9
852,R200 ,R212 ,13930.61,0.81,75152,9
853,R200 ,R246 ,14804.51,0.86,80007,9
854,R300 ,R376 ,12662.51,0.74,79382,9
855,R300 ,R376 ,12077.75,0.7,75102,9
856,R100 ,R107 ,11568.85,0.67,56822,7
857,R100 ,R107 ,12676.07,0.74,72247,7
858,R300 ,R364 ,12123.38,0.71,81664,6
859,R100 ,R143 ,11344.36,0.66,56053,8
860,R100 ,R127 ,10387.94,0.61,57143,7
861,R100 ,R131 ,14089.19,0.82,69349,5
862,R100 ,R101 ,17025.68,0.99,75690,5
863,R100 ,R128 ,16827.45,0.98,75267,5
864,R100 ,R110 ,13243.49,0.77,57323,5
865,R100 ,R150 ,16207.49,0.95,74598,5
866,R100 ,R121 ,17452.99,1.02,74472,5
867,R100 ,R115 ,15276.27,0.89,78734,5
868,R100 ,R145 ,13700.88,0.8,72395,5
870,R100 ,R133 ,14944.44,0.87,73340,5
871,R100 ,R147 ,14713.99,0.86,75927,5
872,R100 ,R137 ,19656.7,1.15,83744,5
873,R300 ,R324 ,14953.98,0.87,82790,4
874,R300 ,R313 ,11707.98,0.68,78991,4
875,R300 ,R352 ,8397.58,0.49,80019,6
876,R300 ,R321 ,7788.55,0.45,75175,6
877,R300 ,R367 ,15207.69,0.89,79749,4
878,R100 ,R105 ,12148.5,0.71,70402,7
879,R100 ,R107 ,10502.31,0.61,57554,7
880,R100 ,R122 ,14841.71,0.87,81730,5
881,R100 ,R138 ,10260.59,0.6,75977,5
882,R300 ,R303 ,13883.89,0.81,75518,6
883,R200 ,R236 ,25053.52,1.46,80938,9
884,R300 ,R377 ,12522.09,0.73,56068,9
885,R100 ,R161 ,22473.63,1.31,83090,8
887,R300 ,R303 ,11557.09,0.67,57918,6
888,R300 ,R311 ,11238.45,0.66,70353,6
891,R100 ,R127 ,10641.29,0.62,56494,5
893,R100 ,R122 ,9777.19,0.57,75476,5
894,R100 ,R121 ,12858.27,0.75,75096,5
895,R100 ,R147 ,14090.52,0.82,68150,5
896,R100 ,R135 ,15066.37,0.88,75471,5
897,R300 ,R313 ,15443.46,0.9,79188,4
898,R300 ,R313 ,11953.84,0.7,79408,4
899,R300 ,R320 ,15640.01,0.91,79414,4
901,R100 ,R136 ,13281.67,0.77,83241,5
904,R100 ,R114 ,15871.84,0.93,83109,5
905,R100 ,R129 ,11363.9,0.66,56016,7
906,R100 ,R129 ,9824.93,0.57,56320,7
907,R300 ,R364 ,12520.79,0.73,75033,6
909,R300 ,R379 ,20735.77,1.21,78678,9
910,R200 ,R258 ,17719.57,1.03,74972,10
911,R200 ,R213 ,14027.57,0.82,83015,9
912,R200 ,R206 ,12509.72,0.73,79722,9
913,R200 ,R261 ,21092.98,1.23,80793,9
914,R200 ,R261 ,17387.01,1.01,84371,9
915,R100 ,R161 ,12881.37,0.75,57131,10
917,R300 ,R346 ,16139.13,0.94,79750,4
918,R300 ,R355 ,16759.65,0.98,79977,4
919,R300 ,R314 ,10185.33,0.59,68358,4
920,R300 ,R367 ,13588.43,0.79,79375,4
921,R300 ,R332 ,15469.82,0.9,58807,4
922,R100 ,R137 ,14012.34,0.82,77171,5
923,R100 ,R148 ,14182.56,0.83,70222,5
924,R100 ,R136 ,10767.7,0.63,56887,5
926,R100 ,R127 ,13836.29,0.81,65842,5
927,R100 ,R141 ,15681.73,0.91,83590,5
928,R100 ,R141 ,15850.61,0.92,87622,5
929,R100 ,R147 ,15001.34,0.87,70197,5
930,R100 ,R114 ,14711.92,0.86,67846,5
931,R100 ,R102 ,15310.65,0.89,75660,5
935,R300 ,R377 ,17339.27,1.01,64122,9
936,R300 ,R377 ,16544.2,0.96,79521,9
937,R200 ,R212 ,20063.99,1.17,85010,9
938,R200 ,R218 ,13301.26,0.78,80066,9
939,R200 ,R248 ,16711.96,0.97,80185,9
940,R200 ,R205 ,16258.42,0.95,79973,9
941,R200 ,R245 ,16124.66,0.94,67592,9
942,R100 ,R116 ,38219.99,2.23,96940,5
943,R100 ,R147 ,18371.27,1.07,75469,5
945,R100 ,R134 ,11838.7,0.69,59155,5
947,R300 ,R352 ,8226.42,0.48,79824,6
949,R200 ,R237 ,17603.78,1.03,85097,9
950,R300 ,R379 ,13406.43,0.78,80012,9
952,R300 ,R378 ,11938.23,0.7,66270,6
953,R300 ,R304 ,10603.24,0.62,56116,6
955,R300 ,R311 ,19753.34,1.15,74365,6
957,R100 ,R115 ,11458.47,0.67,73816,5
958,R300 ,R333 ,10952.48,0.64,56754,4
959,R300 ,R333 ,9755.63,0.57,56667,4
961,R300 ,R372 ,17747.27,1.04,81510,4
962,R300 ,R371 ,11205.51,0.65,70079,4
963,R300 ,R350 ,11458.97,0.67,58489,4
964,R300 ,R371 ,11376.51,0.66,70045,4
966,R300 ,R362 ,9217.09,0.54,62214,4
967,R300 ,R315 ,14439.93,0.84,70385,4
968,R300 ,R349 ,20125.68,1.17,83082,4
969,R300 ,R334 ,9875.95,0.58,57011,4
970,R300 ,R335 ,14499.95,0.85,75908,4
981,R300 ,R334 ,13241.83,0.77,79540,4
982,R300 ,R335 ,11540.62,0.67,74821,4
984,R100 ,R171 ,14974.6,0.87,68595,5
985,R100 ,R174 ,14832.65,0.87,75672,5
986,R100 ,R171 ,11025.8,0.64,57584,5
988,R100 ,R170 ,12355.24,0.72,63054,5
989,R100 ,R169 ,11680.45,0.68,58275,5
990,R100 ,R169 ,10210.04,0.6,57146,5
992,R100 ,R117 ,14328.27,0.84,65440,7
993,R300 ,R364 ,13744.05,0.8,74276,6
995,R200 ,R264 ,20885.95,1.22,82546,10
996,R200 ,R265 ,16589.49,0.97,75233,10
997,R200 ,R201 ,15421.41,0.9,84558,9
1000,R400 ,R411 ,14057.39,0.82,74789,3
1001,R400 ,R411 ,13268.69,0.77,87398,3
1002,R400 ,R411 ,16054.98,0.94,84630,3
1003,R400 ,R415 ,14109.36,0.82,82540,3
1004,R400 ,R415 ,11784.21,0.69,79136,3
1005,R400 ,R466 ,12042.22,0.7,68204,3
1006,R400 ,R412 ,17199.14,1,82372,3
1007,R400 ,R448 ,14373.35,0.84,82088,3
1008,R400 ,R415 ,13985.06,0.82,83379,3
1009,R400 ,R441 ,14171.18,0.83,74705,3
1010,R400 ,R416 ,14718.4,0.86,82060,2
1011,R400 ,R416 ,12925.4,0.75,75375,2
1012,R400 ,R416 ,11941.58,0.7,74898,2
1013,R400 ,R416 ,13957.03,0.81,74932,2
1014,R400 ,R416 ,11156.08,0.65,75024,2
1015,R300 ,R371 ,15384.24,0.9,71263,4
1016,R400 ,R417 ,13455.75,0.78,75665,3
1017,R400 ,R417 ,12332.08,0.72,69990,3
1018,R400 ,R417 ,20712.37,1.21,82804,3
1019,R400 ,R417 ,11427,0.67,83081,3
1021,R300 ,R370 ,14852.7,0.87,76304,3
1022,R300 ,R371 ,13437.58,0.78,57277,4
1023,R300 ,R354 ,15593.41,0.91,85795,4
1024,R100 ,R115 ,21665.05,1.26,84615,5
1025,R200 ,R246 ,13903.17,0.81,81194,9
1026,R200 ,R247 ,12856.44,0.75,75357,9
1027,R200 ,R240 ,21268.54,1.24,81889,9
1028,R200 ,R217 ,15093.6,0.88,83790,9
1029,R200 ,R231 ,23800.31,1.39,87063,9
1030,R300 ,R332 ,15032.77,0.88,82969,4
1031,R100 ,R167 ,21315.47,1.24,83823,7
1032,R300 ,R352 ,9621.68,0.56,79793,6
1033,R200 ,R263 ,13752.57,0.8,74564,9
1034,R300 ,R378 ,15048.36,0.88,80008,6
1035,R100 ,R118 ,16421.83,0.96,79010,7
1036,R100 ,R150 ,15931.75,0.93,75424,5
1037,R100 ,R172 ,13312.31,0.78,72938,5
1038,R300 ,R367 ,20952.9,1.22,82276,4
1039,R300 ,R349 ,21585.09,1.26,75780,4
1040,R200 ,R261 ,17256.26,1.01,82212,9
1041,R400 ,R417 ,13848.16,0.81,83308,3
1042,R400 ,R448 ,22541.27,1.31,74488,3
1043,R400 ,R411 ,9674.19,0.56,57629,3
1044,R400 ,R448 ,18648.55,1.09,74381,3
1045,R400 ,R411 ,12697.34,0.74,57680,3
1046,R400 ,R448 ,15008.95,0.88,74546,3
1047,R300 ,R370 ,17068.33,1,84460,3
1048,R300 ,R370 ,12571.53,0.73,89661,3
1049,R400 ,R417 ,19411.15,1.13,83480,3
1050,R300 ,R360 ,13629.29,0.79,78543,4
1051,R300 ,R354 ,14358.95,0.84,57784,4
1052,R100 ,R136 ,13649.62,0.8,83128,5
1053,R300 ,R360 ,10981.1,0.64,81251,4
1054,R200 ,R210 ,16034.08,0.94,79288,9
1055,R400 ,R419 ,15761.67,0.92,74162,2
1056,R400 ,R467 ,19275.98,1.12,81604,2
1057,R400 ,R416 ,19422.2,1.13,85123,2
1058,R100 ,R169 ,26827.81,1.56,77525,5
1059,R300 ,R333 ,11100.21,0.65,76026,4
1060,R100 ,R146 ,18741.09,1.09,85682,5
1061,R300 ,R322 ,27634.12,1.61,77934,6
1062,R200 ,R245 ,19180.99,1.12,84643,9
1063,R100 ,R138 ,15725.63,0.92,75663,5
1064,R200 ,R265 ,11304.91,0.66,56919,10
1065,R300 ,R302 ,8036.52,0.47,78622,6
1066,R300 ,R341 ,10094.74,0.59,82977,6
1068,R100 ,R111 ,11222.77,0.65,54672,5
1069,R100 ,R146 ,13950.53,0.81,85092,5
1070,R100 ,R150 ,11085.66,0.65,58193,5
1071,R100 ,R168 ,14238.13,0.83,79308,4
1072,R100 ,R169 ,20588.88,1.2,84598,5
1073,R300 ,R336 ,10449.04,0.61,55976,4
1074,R300 ,R367 ,15783.12,0.92,75181,4
1075,R300 ,R349 ,11196.88,0.65,74087,4
1076,R400 ,R412 ,22054.33,1.29,79882,3
1077,R300 ,R358 ,12022.74,0.7,75830,4
1078,R300 ,R358 ,12216.56,0.71,80443,4
1079,R300 ,R358 ,10462.42,0.61,57122,4
1080,R300 ,R372 ,12041.19,0.7,79206,4
1081,R300 ,R362 ,10805.16,0.63,78940,4
1082,R100 ,R178 ,13987.89,0.82,56530,10
1083,R400 ,R451 ,10262.03,0.6,78939,2
1084,R400 ,R419 ,14913.21,0.87,73647,2
1085,R400 ,R422 ,17797.87,1.04,76086,2
1086,R300 ,R358 ,14044.87,0.82,79541,4
1087,R300 ,R355 ,14673.58,0.86,80952,4
1088,R400 ,R441 ,18484.7,1.08,81178,3
1090,R300 ,R337 ,15288.34,0.89,84845,4
1091,R100 ,R172 ,14574.08,0.85,81192,5
1092,R100 ,R172 ,16969.16,0.99,83984,5
1094,R100 ,R168 ,13793.7,0.8,78733,4
1095,R100 ,R126 ,14865.29,0.87,82374,5
1096,R100 ,R111 ,12782.47,0.75,66120,5
1097,R200 ,R208 ,14637.24,0.85,67586,9
1098,R200 ,R220 ,13887.15,0.81,83914,9
1100,R200 ,R240 ,21448.34,1.25,83303,9
1101,R100 ,R117 ,14793.07,0.86,78536,7
1102,R100 ,R118 ,23101.55,1.35,87697,7
1103,R300 ,R370 ,25616.65,1.49,84246,3
1104,R300 ,R371 ,11324.7,0.66,78459,4
1105,R300 ,R370 ,12581.38,0.73,79341,3
1106,R300 ,R334 ,11322.44,0.66,78249,4
1107,R300 ,R371 ,14886.03,0.87,79096,4
1108,R400 ,R424 ,11003.09,0.64,73761,2
1109,R400 ,R450 ,14145,0.83,79394,2
1110,R300 ,R310 ,12190.37,0.71,78641,4
1112,R100 ,R170 ,14990.05,0.87,77496,5
1113,R100 ,R127 ,20601.29,1.2,78812,7
1114,R100 ,R167 ,13789.7,0.8,83990,6
1115,R300 ,R304 ,12955.25,0.76,78319,6
1116,R300 ,R306 ,10543.9,0.61,79008,6
1117,R300 ,R378 ,13617.13,0.79,78255,6
1118,R200 ,R264 ,22466.87,1.31,79799,10
1120,R200 ,R240 ,13126.34,0.77,70788,9
1121,R200 ,R220 ,22210.7,1.3,83934,9
1122,R200 ,R210 ,18475.35,1.08,81029,9
1124,R300 ,R364 ,12002.15,0.7,79023,6
1125,R100 ,R112 ,12638.07,0.74,62204,5
1126,R300 ,R333 ,13139.84,0.77,78886,4
1128,R100 ,R173 ,14548.73,0.85,80305,5
1129,R100 ,R173 ,13539.23,0.79,79721,5
1131,R300 ,R354 ,14374.63,0.84,78799,4
1132,R400 ,R422 ,14373.61,0.84,84626,2
1133,R400 ,R422 ,14022.38,0.82,79655,2
1134,R400 ,R453 ,15159.2,0.88,78859,3
1135,R400 ,R462 ,19665.56,1.15,85269,3
1136,R400 ,R453 ,13097.71,0.76,78977,3
1137,R400 ,R448 ,15243.67,0.89,78353,3
1138,R400 ,R448 ,17921.49,1.05,85901,3
1139,R400 ,R455 ,27999.72,1.63,89058,2
1140,R200 ,R201 ,16988.81,0.99,80860,9
1141,R300 ,R377 ,12812.43,0.75,79106,9
1142,R400 ,R411 ,15035.9,0.88,82658,3
1143,R200 ,R245 ,12793.1,0.75,79506,9
1144,R100 ,R124 ,21673.35,1.26,81623,5
1146,R400 ,R453 ,33031.59,1.93,80804,3
1147,R400 ,R455 ,14760.76,0.86,79867,2
1148,R400 ,R424 ,13470.5,0.79,81984,2
1150,R400 ,R469 ,25788.59,1.5,83349,2
1151,R400 ,R450 ,15274.37,0.89,79397,2
1152,R400 ,R419 ,13937.29,0.81,79011,2
1153,R400 ,R450 ,23008.64,1.34,84564,2
1154,R400 ,R450 ,16797.18,0.98,78819,2
1155,R400 ,R419 ,13177.32,0.77,80978,2
1156,R400 ,R467 ,17689.87,1.03,79459,2
1157,R400 ,R416 ,13734.36,0.8,79557,2
1158,R400 ,R422 ,13956.47,0.81,79348,2
1159,R400 ,R421 ,18608.6,1.09,82152,3
1160,R400 ,R430 ,11125.02,0.65,62480,3
1161,R300 ,R370 ,13171.81,0.77,79065,3
1162,R400 ,R457 ,14130.48,0.82,79301,3
1163,R300 ,R318 ,18493.36,1.08,84345,4
1164,R300 ,R336 ,10590.98,0.62,78743,4
1165,R300 ,R334 ,12077.48,0.7,79712,4
1166,R100 ,R150 ,14064.14,0.82,78521,5
1167,R100 ,R112 ,17379.38,1.01,80765,5
1168,R100 ,R112 ,18790.14,1.1,81642,5
1169,R300 ,R332 ,11280.83,0.66,78478,4
1170,R100 ,R105 ,15595.7,0.91,78914,7
1171,R300 ,R380 ,17415.95,1.02,82328,9
1172,R300 ,R336 ,9759.44,0.57,62950,4
1175,R400 ,R446 ,18480.61,1.08,76110,2
1176,R100 ,R112 ,17171.21,1,77791,5
1177,R100 ,R123 ,15118.3,0.88,79774,7
1178,R100 ,R176 ,12340.5,0.72,78861,8
1179,R300 ,R340 ,15139.54,0.88,78851,4
1180,R300 ,R358 ,13044.07,0.76,79698,4
1181,R300 ,R362 ,10450.84,0.61,79400,4
1182,R300 ,R337 ,16836.04,0.98,79479,4
1183,R400 ,R462 ,13107.52,0.76,79279,3
1184,R400 ,R450 ,9849.95,0.57,80286,2
1185,R100 ,R126 ,17363.88,1.01,81612,5
1186,R400 ,R452 ,15409.89,0.9,74371,1
1187,R400 ,R452 ,20348.66,1.19,77961,1
1188,R400 ,R428 ,13428.24,0.78,79648,1
1189,R400 ,R428 ,14250.59,0.83,79736,1
1190,R400 ,R470 ,12793.33,0.75,79611,1
1191,R400 ,R424 ,12364.48,0.72,80719,2
1192,R400 ,R450 ,14769.51,0.86,74289,2
1193,R400 ,R448 ,19389.97,1.13,85733,3
1194,R400 ,R416 ,13524.5,0.79,80037,2
1195,R400 ,R467 ,14231.23,0.83,80267,2
1196,R400 ,R421 ,15065.12,0.88,80017,3
1197,R300 ,R335 ,21077.27,1.23,80742,4
1198,R300 ,R337 ,13790.65,0.8,79458,4
1199,R300 ,R337 ,12523.74,0.73,79304,4
1200,R100 ,R172 ,13295.01,0.78,79646,4
1201,R100 ,R123 ,13544,0.79,81430,7
1204,R300 ,R327 ,11405.33,0.67,79878,6
1205,R200 ,R262 ,14477.44,0.84,80534,10
1206,R300 ,R346 ,14214.46,0.83,80243,4
1207,R300 ,R373 ,20865.33,1.22,82256,9
1208,R200 ,R211 ,22029.06,1.28,82114,9
1209,R300 ,R379 ,14094.86,0.82,80224,9
1210,R100 ,R131 ,10714.23,0.62,79360,5
1211,R100 ,R111 ,14078.84,0.82,80387,5
1212,R100 ,R128 ,14011.98,0.82,63259,5
1213,R100 ,R121 ,12974.21,0.76,79146,5
1214,R100 ,R140 ,8109.67,0.47,79013,5
1215,R100 ,R174 ,10601.42,0.62,79046,5
1216,R400 ,R454 ,14410.69,0.84,79294,3
1217,R400 ,R430 ,16143.12,0.94,80165,3
1218,R400 ,R430 ,11138.91,0.65,79979,3
1219,R400 ,R454 ,15455.74,0.9,79945,3
1220,R400 ,R454 ,12999.54,0.76,79354,3
1221,R400 ,R431 ,13904,0.81,79928,3
1222,R400 ,R431 ,16531.44,0.96,80225,3
1223,R300 ,R336 ,14408.13,0.84,80433,4
1224,R400 ,R419 ,10164.62,0.59,81838,2
1225,R400 ,R417 ,13041.87,0.76,80551,3
1226,R300 ,R371 ,11064.58,0.65,63020,4
1227,R400 ,R447 ,11871.08,0.69,79768,1
1228,R400 ,R468 ,17561.85,1.02,80552,1
1229,R400 ,R452 ,18859.41,1.1,83211,1
1230,R100 ,R161 ,19998.5,1.17,79519,10
1231,R300 ,R302 ,9206.64,0.54,79375,6
1232,R400 ,R439 ,14797.27,0.86,87986,1
1233,R400 ,R415 ,11725.46,0.68,62042,3
1234,R400 ,R457 ,13125.97,0.77,79367,3
1235,R100 ,R102 ,14789.14,0.86,78414,5
1236,R100 ,R173 ,16660.4,0.97,81797,5
1237,R100 ,R161 ,24438.29,1.43,78241,8
1238,R200 ,R202 ,18677.19,1.09,79905,9
1239,R200 ,R220 ,11286.18,0.66,79193,9
1241,R100 ,R118 ,14363.32,0.84,79052,7
1242,R300 ,R375 ,14528.31,0.85,81165,9
1244,R100 ,R124 ,13415.1,0.78,81303,5
1246,R100 ,R128 ,10999.6,0.64,63183,5
1247,R100 ,R128 ,16005.53,0.93,83242,5
1248,R100 ,R128 ,15318.3,0.89,79830,5
1249,R400 ,R439 ,14685.61,0.86,81453,1
1250,R300 ,R351 ,12324.57,0.72,80155,4
1251,R100 ,R134 ,14639.79,0.85,81741,5
1252,R100 ,R173 ,14030.26,0.82,81000,5
1253,R400 ,R454 ,14300.85,0.83,81697,3
1254,R400 ,R431 ,15113.43,0.88,80391,3
1255,R400 ,R439 ,16585.27,0.97,81167,1
1256,R400 ,R421 ,14669.22,0.86,82210,3
1257,R400 ,R448 ,13004.29,0.76,63664,3
1258,R400 ,R415 ,14006.86,0.82,80424,3
1259,R400 ,R430 ,14837.91,0.87,80493,3
1260,R400 ,R461 ,14254.66,0.83,79752,3
1261,R100 ,R169 ,17535.15,1.02,80978,3
1263,R400 ,R446 ,11517.84,0.67,71425,2
1264,R400 ,R455 ,17426.34,1.02,82748,2
1265,R400 ,R411 ,13676.07,0.8,80181,3
1266,R400 ,R452 ,17968.16,1.05,83686,1
1267,R400 ,R439 ,14506.19,0.85,80481,1
1268,R400 ,R438 ,16958.27,0.99,79959,2
1269,R400 ,R421 ,18921.78,1.1,82963,3
1270,R400 ,R454 ,13033.07,0.76,78340,3
1271,R400 ,R438 ,17143.28,1,80121,2
1272,R100 ,R101 ,15188.72,0.89,80758,5
1273,R300 ,R359 ,13815.79,0.81,79850,4
1274,R300 ,R359 ,12682.06,0.74,78868,4
1275,R400 ,R457 ,15737.15,0.92,80027,3
1278,R100 ,R117 ,13831.31,0.81,79474,7
1279,R100 ,R117 ,14764.1,0.86,81064,7
1280,R100 ,R118 ,16188.82,0.94,80452,7
1281,R400 ,R468 ,12969.39,0.76,81367,1
1282,R100 ,R161 ,12354.55,0.72,56298,8
1283,R200 ,R205 ,15097.95,0.88,79886,9
1284,R200 ,R264 ,25793.89,1.5,82810,10
1285,R100 ,R148 ,14530.65,0.85,80626,5
1286,R100 ,R133 ,15769.99,0.92,80906,5
1287,R100 ,R170 ,13921.28,0.81,81542,3
1288,R400 ,R430 ,15454.86,0.9,80472,3
1289,R400 ,R439 ,19364.94,1.13,81467,1
1290,R400 ,R452 ,11960.35,0.7,63834,1
1291,R400 ,R421 ,12250.01,0.71,80365,3
1292,R400 ,R457 ,16208.91,0.95,79934,3
1293,R200 ,R202 ,22852.88,1.33,85522,9
1294,R300 ,R313 ,17682.77,1.03,79679,4
1295,R400 ,R412 ,13334.85,0.78,79468,3
1296,R400 ,R451 ,16585.17,0.97,79249,2
1298,R300 ,R350 ,14447.75,0.84,79876,4
1299,R300 ,R314 ,15354.12,0.9,79715,4
1300,R300 ,R315 ,15217.94,0.89,80226,4
1301,R100 ,R171 ,14515.28,0.85,80208,5
1302,R300 ,R333 ,23175.96,1.35,79567,4
1303,R100 ,R124 ,13451.41,0.78,81107,5
1304,R200 ,R218 ,16774.45,0.98,81102,9
1305,R200 ,R222 ,20472.84,1.19,86040,9
1306,R200 ,R204 ,32559.93,1.9,91970,9
1307,R200 ,R209 ,21987.41,1.28,83980,9
1308,R400 ,R470 ,18482.67,1.08,83345,1
1309,R200 ,R209 ,15277.8,0.89,81646,9
1310,R300 ,R337 ,11012.4,0.64,79479,4
1311,R100 ,R110 ,14029.58,0.82,82227,5
1312,R400 ,R453 ,14622.92,0.85,80088,3
1313,R100 ,R135 ,23476.69,1.37,86317,5
1314,R100 ,R117 ,14457.01,0.84,80920,7
1315,R400 ,R419 ,11562.07,0.67,80625,2
1316,R300 ,R376 ,13610.25,0.79,80978,9
1317,R100 ,R148 ,12925.82,0.75,81033,5
1318,R400 ,R451 ,16736.78,0.98,78508,2
1319,R300 ,R337 ,12855.22,0.75,80331,4
1322,R300 ,R369 ,13086.18,0.76,79663,4
1323,R100 ,R122 ,14305.24,0.83,95195,5
1324,R100 ,R170 ,13496.36,0.79,81663,5
1325,R100 ,R174 ,14430.11,0.84,81330,5
1326,R100 ,R177 ,15237.48,0.89,79425,8
1327,R300 ,R377 ,12630.56,0.74,80721,9
1328,R200 ,R222 ,23358.4,1.36,81521,9
1329,R200 ,R239 ,17148.27,1,82561,9
1330,R400 ,R446 ,15806.71,0.92,80652,2
1331,R200 ,R264 ,14018.96,0.82,81655,10
1332,R200 ,R236 ,21445.53,1.25,82277,9
1333,R100 ,R161 ,16263.73,0.95,79126,8
1334,R100 ,R128 ,17864.74,1.04,80908,5
1335,R300 ,R375 ,15171.29,0.88,80519,9
1336,R300 ,R311 ,24842.32,1.45,95996,6
1337,R300 ,R318 ,12336.16,0.72,85393,4
1338,R400 ,R447 ,17778.52,1.04,80001,1
1339,R300 ,R306 ,21062.07,1.23,93983,6
1340,R200 ,R217 ,16611.88,0.97,84922,9
1341,R400 ,R466 ,18120.18,1.06,81178,3
1342,R100 ,R141 ,15531.83,0.91,81296,5
1344,R400 ,R469 ,22846.31,1.33,82594,2
1345,R400 ,R450 ,13408.56,0.78,80360,2
1346,R300 ,R369 ,14549.77,0.85,94357,4
1347,R300 ,R353 ,12193.9,0.71,94361,6
1348,R400 ,R468 ,15041.11,0.88,80072,1
1349,R300 ,R337 ,13841.34,0.81,79596,4
1350,R100 ,R138 ,30718.17,1.79,95521,5
1351,R100 ,R111 ,24733.96,1.44,100835,5
1352,R100 ,R101 ,19718.35,1.15,94257,5
1353,R100 ,R118 ,15134.69,0.88,84225,7
1354,R300 ,R327 ,17198.42,1,94215,6
1355,R200 ,R262 ,15925.03,0.93,80115,10
1356,R100 ,R101 ,21051.73,1.23,103397,5
1357,R300 ,R373 ,13590.44,0.79,79802,8
1358,R400 ,R459 ,10900.3,0.64,77528,2
1359,R300 ,R311 ,14125.21,0.82,95097,6
1360,R300 ,R377 ,18079.46,1.05,85527,9
1361,R300 ,R375 ,13041.25,0.76,82293,9
1362,R200 ,R236 ,31221.44,1.82,85097,9
1363,R200 ,R220 ,16885.45,0.98,85327,9
1364,R100 ,R140 ,15796.29,0.92,95279,5
1365,R400 ,R422 ,16904.97,0.99,79025,2
1366,R100 ,R138 ,19422.64,1.13,95278,5
1367,R300 ,R369 ,21935.64,1.28,95279,4
1368,R300 ,R321 ,15959.63,0.93,95107,6
1369,R300 ,R353 ,20938.86,1.22,97765,6
1370,R300 ,R351 ,21402.18,1.25,94830,4
1371,R300 ,R355 ,18402.2,1.07,78748,4
1372,R100 ,R175 ,18704.56,1.09,98021,8
1373,R400 ,R460 ,12884.8,0.75,80056,1
1374,R400 ,R428 ,15221.4,0.89,80795,1
1375,R100 ,R126 ,18618.96,1.09,83566,5
1376,R300 ,R359 ,17153.75,1,94993,4
1377,R300 ,R303 ,14410.68,0.84,95711,6
1378,R400 ,R450 ,19715.08,1.15,85219,2
1380,R300 ,R346 ,47074.8,2.75,79595,4
1381,R100 ,R171 ,12612.89,0.74,80521,5
1382,R300 ,R314 ,34903.38,2.04,94993,4
1383,R200 ,R244 ,15240.51,0.89,85622,9
1384,R200 ,R250 ,34506.5,2.01,85650,9
1385,R100 ,R112 ,15226.12,0.89,80772,5
1386,R300 ,R374 ,14175.13,0.83,80878,9
1388,R100 ,R123 ,13260.85,0.77,80152,7
1389,R400 ,R422 ,13918.33,0.81,81639,2
1390,R300 ,R346 ,15809.78,0.92,79934,4
1391,R300 ,R350 ,15032.69,0.88,79377,4
1392,R100 ,R123 ,31337.39,1.83,95000,7
1393,R100 ,R172 ,13678.93,0.8,79856,5
1394,R300 ,R335 ,14994.85,0.87,95605,4
1395,R300 ,R326 ,13013.86,0.76,95743,6
1396,R300 ,R303 ,17825.5,1.04,95078,6
1397,R300 ,R301 ,15724.42,0.92,94846,6
1398,R300 ,R301 ,24879.51,1.45,94864,6
1399,R300 ,R353 ,14691.16,0.86,79472,6
1400,R300 ,R336 ,13578.61,0.79,95628,4
1401,R400 ,R469 ,17203.32,1,84844,2
1402,R100 ,R115 ,13736.85,0.8,79895,5
1403,R100 ,R115 ,13620.81,0.79,84794,5
1404,R400 ,R428 ,13940.57,0.81,79683,1
1405,R200 ,R260 ,13101.65,0.76,79864,10
1406,R200 ,R260 ,15898.42,0.93,78002,10
1407,R200 ,R210 ,20547.2,1.2,76106,9
1408,R200 ,R236 ,27562.74,1.61,77741,9
1409,R200 ,R207 ,27878.23,1.63,84687,9
1410,R200 ,R201 ,32452.36,1.89,88936,9
1411,R200 ,R263 ,16017.4,0.93,79155,9
1413,R100 ,R175 ,15207.33,0.89,85438,8
1414,R400 ,R430 ,13957.06,0.81,77501,3
1415,R400 ,R448 ,18922.65,1.1,82904,3
1416,R400 ,R441 ,14708.29,0.86,80098,3
1417,R200 ,R213 ,15727.61,0.92,81041,9
1418,R200 ,R244 ,16708.99,0.97,78174,9
1419,R200 ,R260 ,18432.1,1.08,81868,10
1420,R300 ,R370 ,11546.59,0.67,62802,3
1421,R200 ,R260 ,17185.44,1,79427,9
1422,R200 ,R237 ,20517.5,1.2,78465,9
1423,R200 ,R206 ,13769.65,0.8,77332,9
1424,R200 ,R217 ,19904.37,1.16,80465,9
1425,R200 ,R263 ,20894.31,1.22,78662,9
1426,R200 ,R237 ,18938.16,1.1,79716,9
1427,R200 ,R233 ,20566.2,1.2,88324,9
1428,R200 ,R211 ,19987.72,1.17,78509,9
1429,R300 ,R379 ,12286.66,0.72,80337,9
1430,R300 ,R326 ,12633.06,0.74,94626,6
1431,R400 ,R441 ,26944.05,1.57,90013,3
1432,R300 ,R377 ,13568.45,0.79,79816,9
1435,R300 ,R364 ,15195.82,0.89,81361,6
1436,R100 ,R144 ,22996.24,1.34,78564,7
1437,R100 ,R141 ,20784.42,1.21,92520,5
1438,R200 ,R247 ,11378.66,0.66,59126,9
1439,R300 ,R376 ,16151.14,0.94,79653,9
1441,R400 ,R429 ,11597.57,0.68,60789,1
1442,R400 ,R429 ,31402.58,1.83,90993,1
1443,R400 ,R462 ,19582.85,1.14,73075,3
1444,R200 ,R258 ,41456.43,2.42,79606,10
1445,R100 ,R133 ,21046.09,1.23,94300,5
1446,R100 ,R133 ,12958.75,0.76,77910,5
1447,R100 ,R172 ,13750.87,0.8,79846,5
1448,R100 ,R124 ,20413.45,1.19,94866,5
1449,R300 ,R331 ,19998.13,1.17,82829,6
1450,R300 ,R331 ,15567.47,0.91,79546,6
1451,R300 ,R331 ,13618.26,0.79,79783,6
1452,R300 ,R337 ,13203.65,0.77,80883,4
1453,R300 ,R346 ,16843.49,0.98,80290,4
1454,R300 ,R320 ,15849.37,0.92,80019,4
1455,R100 ,R123 ,19161.4,1.12,94722,7
1456,R100 ,R124 ,17681.74,1.03,94306,5
1457,R300 ,R304 ,11364.39,0.66,94628,6
1458,R300 ,R304 ,17584.32,1.03,94658,6
1459,R300 ,R303 ,18111.48,1.06,94434,6
1460,R100 ,R145 ,11495.93,0.67,79898,5
1461,R300 ,R346 ,14904.54,0.87,94871,4
1462,R300 ,R373 ,14882.73,0.87,83934,9
1463,R100 ,R171 ,15408.63,0.9,80236,5
1464,R400 ,R461 ,11662.73,0.68,80767,2
1465,R100 ,R137 ,16060.82,0.94,80600,5
1466,R100 ,R134 ,15546.77,0.91,80184,5
1467,R400 ,R419 ,15155.51,0.88,80047,2
1468,R300 ,R348 ,18186.62,1.06,82108,4
1469,R300 ,R353 ,61312.57,3.58,80610,6
1470,R100 ,R167 ,16364.57,0.95,79786,6
1471,R100 ,R175 ,15954.86,0.93,95756,8
1472,R200 ,R211 ,13471.26,0.79,77852,9
1473,R300 ,R353 ,19010.14,1.11,95348,6
1474,R400 ,R461 ,15159.92,0.88,79873,3
1475,R400 ,R467 ,13767,0.8,80833,2
1476,R400 ,R467 ,14527.01,0.85,79280,2
1477,R400 ,R438 ,15080.73,0.88,79713,2
1478,R100 ,R169 ,13882.8,0.81,79796,3
1479,R100 ,R168 ,12891.86,0.75,79728,4
1480,R300 ,R367 ,13070.76,0.76,80034,4
1481,R100 ,R140 ,19755.47,1.15,84260,5
1482,R100 ,R136 ,14472.82,0.84,80809,5
1483,R100 ,R128 ,14561.18,0.85,79837,5
1484,R100 ,R163 ,18753.39,1.09,94822,5
1485,R200 ,R231 ,18068.32,1.05,80187,9
1486,R300 ,R335 ,18023.41,1.05,84388,4
1487,R100 ,R144 ,20972.67,1.22,84348,7
1489,R300 ,R302 ,12780.93,0.75,94372,6
1490,R300 ,R305 ,13568.24,0.79,79570,6
1491,R400 ,R446 ,16934.42,0.99,79942,2
1492,R400 ,R467 ,14625.56,0.85,79907,2
1493,R300 ,R350 ,16529.17,0.96,81017,4
1495,R400 ,R428 ,14986.81,0.87,79343,1
1496,R400 ,R468 ,13230.69,0.77,78045,1
1497,R300 ,R315 ,11006.6,0.64,79928,4
1499,R300 ,R340 ,14006.27,0.82,80166,4
1500,R100 ,R179 ,20110.3,1.17,94844,8
1501,R100 ,R177 ,20363.69,1.19,94939,8
1502,R200 ,R208 ,21349.7,1.25,85173,9
1504,R300 ,R372 ,19012.51,1.11,94142,4
1505,R300 ,R362 ,20788.14,1.21,94433,4
1506,R300 ,R321 ,28557.96,1.67,79612,6
1507,R200 ,R211 ,10823.89,0.63,82990,9
1508,R400 ,R467 ,17396.41,1.01,79605,2
1509,R100 ,R117 ,18392.96,1.07,79962,7
1510,R400 ,R461 ,11503.86,0.67,85690,3
1511,R300 ,R333 ,18266.55,1.07,80047,4
1512,R300 ,R367 ,18369.17,1.07,94925,4
1513,R100 ,R168 ,12302.6,0.72,79288,4
1514,R300 ,R321 ,11305.94,0.66,94433,6
1515,R100 ,R117 ,17495.95,1.02,82714,7
1516,R400 ,R468 ,10656.16,0.62,79472,1
1517,R300 ,R321 ,13371.28,0.78,94433,6
1518,R300 ,R365 ,17623.12,1.03,91271,4
1519,R300 ,R324 ,16814.27,0.98,94293,4
1520,R400 ,R447 ,13936.58,0.81,79488,1
1521,R400 ,R438 ,13481.91,0.79,79709,2
1522,R100 ,R111 ,12006.22,0.7,79527,5
1523,R300 ,R327 ,14753.24,0.86,94693,6
1524,R300 ,R380 ,18225.45,1.06,84745,9
1525,R100 ,R179 ,17651.41,1.03,79686,8
1526,R200 ,R218 ,15836.53,0.92,79652,9
1527,R200 ,R246 ,13418.91,0.78,79960,9
1528,R400 ,R459 ,12496,0.73,79482,1
1529,R300 ,R350 ,13856.34,0.81,79914,4
1530,R100 ,R138 ,14005.68,0.82,78964,5
1531,R300 ,R306 ,12549.21,0.73,85562,6
1532,R400 ,R468 ,14153.75,0.83,79596,1
1533,R400 ,R441 ,13093.09,0.76,79856,3
1534,R100 ,R172 ,14811.02,0.86,81127,5
1535,R300 ,R303 ,11991.54,0.7,79278,6
1536,R300 ,R306 ,13411.79,0.78,94415,6
1537,R100 ,R107 ,13158.31,0.77,79801,7
1538,R100 ,R123 ,13557.97,0.79,79756,7
1539,R100 ,R117 ,17090.09,1,79948,5
1540,R100 ,R161 ,20973.79,1.22,78853,8
1541,R400 ,R411 ,12628.49,0.74,80594,3
1542,R300 ,R341 ,11343.29,0.66,78324,6
1543,R100 ,R144 ,11447.45,0.67,79848,7
1544,R400 ,R459 ,18982.28,1.11,86453,1
1545,R100 ,R172 ,13674.89,0.8,80832,5
1546,R300 ,R336 ,13927.83,0.81,81677,4
1547,R200 ,R240 ,16454.87,0.96,79638,9
1548,R200 ,R232 ,14052.03,0.82,80193,9
1750,R100 ,R178 ,16773.24,0.98,86701,8
1751,R100 ,R178 ,25765.46,1.5,96518,8
1752,R100 ,R178 ,23523.94,1.37,90711,8
1753,R100 ,R178 ,17863.16,1.04,86804,8
1754,R100 ,R178 ,30769.6,1.79,95329,8
1755,R100 ,R178 ,19087.56,1.11,93951,8
1756,R100 ,R144 ,22257.67,1.3,94759,7
1757,R100 ,R144 ,18282.25,1.07,99554,7
1759,R100 ,R144 ,14250.34,0.83,105819,7
1760,R300 ,R365 ,22732.47,1.33,95022,4
1761,R300 ,R334 ,15610.46,0.91,114596,4
1762,R100 ,R138 ,17159.27,1,115418,5
1763,R300 ,R326 ,13275.82,0.77,114551,6
1764,R300 ,R326 ,17831.69,1.04,95616,6
1765,R300 ,R342 ,15134.86,0.88,95689,6
1766,R300 ,R321 ,10585.66,0.62,97674,6
1767,R100 ,R105 ,19927.12,1.16,114575,7
1768,R100 ,R127 ,21937.37,1.28,94945,7
1769,R100 ,R176 ,19421.32,1.13,95171,8
1770,R300 ,R342 ,14799.48,0.86,96337,6
1771,R100 ,R127 ,15920.12,0.93,90966,7
1772,R300 ,R340 ,19001.11,1.11,93637,4
1773,R300 ,R340 ,15456.68,0.9,93900,4
1774,R100 ,R111 ,18948.96,1.11,91645,5
1775,R300 ,R326 ,12125.78,0.71,94203,6
1776,R100 ,R179 ,24149.73,1.41,104154,8
1777,R100 ,R107 ,20862.76,1.22,106299,7
1780,R300 ,R334 ,14634.57,0.85,105923,4
1782,R100 ,R129 ,17875.93,1.04,94771,6
1783,R100 ,R143 ,28589.57,1.67,96198,8
1784,R300 ,R352 ,17720.69,1.03,99779,6
1785,R300 ,R327 ,12582.66,0.73,106014,6
1786,R300 ,R311 ,17185.12,1,106365,6
1787,R300 ,R340 ,23508.66,1.37,95013,4
1788,R100 ,R140 ,15308.04,0.89,94299,5
1789,R100 ,R140 ,15136.51,0.88,94300,5
1790,R300 ,R365 ,12762.2,0.74,95242,4
1791,R100 ,R105 ,22070.27,1.29,94718,7
1792,R100 ,R127 ,15316.64,0.89,93817,7
1793,R300 ,R355 ,17968.3,1.05,79483,4
1794,R300 ,R372 ,12133.4,0.71,83246,4
1795,R300 ,R313 ,15159.33,0.88,94246,4
1796,R400 ,R438 ,14209.43,0.83,81114,2
1797,R300 ,R341 ,11456.25,0.67,94441,6
1798,R400 ,R459 ,19742.26,1.15,83870,2
1799,R100 ,R150 ,14874.78,0.87,81010,5
1800,R100 ,R143 ,20985.04,1.22,84973,7
1801,R100 ,R150 ,20024.08,1.17,94203,5
1802,R400 ,R439 ,12412.8,0.72,81304,1
1803,R400 ,R452 ,9338.3,0.54,60555,1
1804,R100 ,R170 ,17151.46,1,85860,5
1805,R200 ,R250 ,18451.28,1.08,84906,9
1806,R100 ,R175 ,41996.76,2.45,100176,8
1807,R300 ,R362 ,13394.1,0.78,79707,4
1808,R400 ,R451 ,20509.07,1.2,77582,2
1809,R400 ,R462 ,13882.08,0.81,84651,3
1811,R300 ,R302 ,11217.03,0.65,79484,6
1812,R300 ,R322 ,12568.03,0.73,79062,6
1813,R100 ,R176 ,14444.1,0.84,80168,8
1814,R100 ,R178 ,20852.4,1.22,79720,8
1815,R200 ,R201 ,14787.12,0.86,79263,9
1816,R200 ,R201 ,12240.58,0.71,79941,9
1818,R400 ,R424 ,10957.5,0.64,79808,2
1819,R200 ,R247 ,16986.94,0.99,84587,9
1820,R300 ,R314 ,20989.38,1.22,94933,4
1821,R100 ,R144 ,16587.3,0.97,80224,7
1822,R400 ,R446 ,19931.96,1.16,82510,2
1823,R400 ,R450 ,14976.72,0.87,79982,2
1824,R300 ,R371 ,12920.74,0.75,80565,4
1825,R300 ,R340 ,13347.57,0.78,79593,4
1826,R300 ,R372 ,15716.27,0.92,94925,4
1827,R400 ,R441 ,13591.57,0.79,84993,3
1828,R400 ,R454 ,12540.36,0.73,79270,3
1829,R300 ,R350 ,13630.58,0.8,80245,4
1830,R400 ,R438 ,12367.52,0.72,80374,2
1831,R100 ,R124 ,21141.71,1.23,95562,5
1832,R100 ,R124 ,23621.85,1.38,96302,5
1833,R100 ,R101 ,19920.1,1.16,95199,5
1834,R200 ,R206 ,18203.97,1.06,79823,9
1835,R400 ,R468 ,16198.49,0.94,79307,1
1836,R300 ,R306 ,13824.79,0.81,94702,6
1837,R300 ,R303 ,22022.48,1.28,94604,6
1838,R300 ,R379 ,15196.1,0.89,84238,9
1839,R400 ,R439 ,17488.48,1.02,77649,1
1840,R100 ,R123 ,14105.68,0.82,94868,7
1841,R100 ,R170 ,14982.58,0.87,80132,5
1842,R100 ,R144 ,13679.32,0.8,80824,7
1843,R200 ,R232 ,13696.45,0.8,80081,9
1845,R400 ,R461 ,14200.1,0.83,79798,3
1846,R200 ,R201 ,15056.43,0.88,79264,9
1847,R200 ,R260 ,15996.21,0.93,79961,10
1848,R100 ,R138 ,14031.96,0.82,79899,5
1849,R400 ,R423 ,27990.17,1.63,83772,2
1850,R300 ,R326 ,11244.58,0.66,79175,6
1851,R200 ,R245 ,10151.56,0.59,79793,9
1852,R300 ,R327 ,9960.07,0.58,68749,6
1853,R300 ,R315 ,14860.54,0.87,94787,4
1854,R400 ,R448 ,19617.32,1.14,84253,3
1855,R400 ,R447 ,13971.34,0.81,79714,1
1856,R400 ,R451 ,14806.54,0.86,77462,2
1857,R400 ,R466 ,12368.36,0.72,79735,3
1858,R400 ,R457 ,17193.94,1,84751,3
1859,R300 ,R314 ,15253.33,0.89,79869,4
1860,R300 ,R301 ,13214.67,0.77,72279,6
1861,R300 ,R302 ,9311.67,0.54,79778,6
1862,R200 ,R246 ,11821.07,0.69,79669,9
1863,R300 ,R376 ,13649.29,0.8,85204,9
1864,R400 ,R461 ,17747.76,1.04,85456,2
1865,R400 ,R446 ,11907.42,0.69,77515,2
1866,R400 ,R424 ,10758.13,0.63,79831,2
1867,R200 ,R205 ,31419.28,1.83,79816,9
1868,R200 ,R258 ,14414.18,0.84,79799,10
1869,R200 ,R248 ,45817.24,2.67,80760,9
1870,R300 ,R337 ,18913.16,1.1,79925,4
1871,R400 ,R411 ,12212.86,0.71,85340,3
1872,R300 ,R372 ,19657.74,1.15,94874,4
1873,R400 ,R466 ,15246.9,0.89,94627,3
1874,R400 ,R441 ,24903.13,1.45,94237,3
1875,R400 ,R431 ,16289.11,0.95,79478,3
1876,R300 ,R331 ,13350.36,0.78,80856,6
1877,R300 ,R303 ,11647.39,0.68,80199,6
1878,R100 ,R140 ,16216.42,0.95,80705,5
1879,R100 ,R145 ,15869.97,0.93,79855,5
1880,R100 ,R128 ,12781.86,0.75,67129,5
1881,R100 ,R121 ,15113.88,0.88,80071,5
1882,R100 ,R121 ,19062.39,1.11,79353,5
1883,R200 ,R258 ,14822.47,0.86,80070,10
1884,R200 ,R204 ,26238.15,1.53,78984,9
1885,R400 ,R455 ,19118.93,1.12,82904,2
1886,R400 ,R446 ,31838.76,1.86,86008,2
1887,R400 ,R459 ,12041.74,0.7,81088,2
1888,R100 ,R141 ,19317.01,1.13,82762,5
1889,R100 ,R116 ,19939.43,1.16,82383,5
1890,R400 ,R412 ,17656.4,1.03,80944,3
1891,R100 ,R167 ,12439.11,0.73,79208,6
1892,R300 ,R372 ,25971.98,1.51,82176,4
1893,R400 ,R412 ,20082.28,1.17,87646,3
1894,R300 ,R364 ,12266.28,0.72,79414,6
1895,R100 ,R110 ,16457.66,0.96,80015,5
1896,R100 ,R122 ,20302.75,1.18,96907,5
1897,R400 ,R412 ,15691.74,0.92,79834,3
1898,R400 ,R429 ,20319.46,1.19,88165,1
1901,R100 ,R105 ,21258.65,1.24,96988,7
1902,R100 ,R133 ,13075.84,0.76,80221,5
1903,R100 ,R115 ,19720.66,1.15,96988,5
1904,R300 ,R364 ,11880.47,0.69,79922,6
1905,R300 ,R379 ,13713.69,0.8,79842,9
1906,R200 ,R250 ,12129.36,0.71,79837,9
1907,R300 ,R332 ,11750.72,0.69,79740,4
1908,R300 ,R364 ,21818.37,1.27,96878,6
1910,R300 ,R350 ,13878.69,0.81,79101,4
1911,R100 ,R140 ,15783.9,0.92,79857,5
1912,R100 ,R112 ,18813.41,1.1,96663,5
1913,R100 ,R133 ,16319.96,0.95,79888,5
1914,R100 ,R118 ,11945.36,0.7,79962,7
1915,R400 ,R438 ,14269.23,0.83,80280,2
1916,R400 ,R460 ,11931.3,0.7,89345,1
1917,R400 ,R422 ,21152.09,1.23,85221,2
1918,R300 ,R365 ,20249.03,1.18,97938,4
1919,R100 ,R167 ,13211.57,0.77,79993,6
1920,R300 ,R331 ,19359.99,1.13,79428,4
1921,R300 ,R315 ,13109.37,0.76,97974,4
1922,R300 ,R342 ,10731.77,0.63,79641,6
1923,R300 ,R337 ,20608.75,1.2,79484,4
1924,R100 ,R141 ,18602.58,1.09,81866,5
1925,R100 ,R150 ,14823.37,0.86,79914,5
1926,R200 ,R211 ,16035.38,0.94,87307,9
1927,R200 ,R233 ,18089.89,1.06,87498,9
1928,R100 ,R175 ,18484,1.08,96664,8
1929,R400 ,R419 ,13479.94,0.79,84656,2
1930,R400 ,R470 ,19137.52,1.12,84530,1
1931,R400 ,R417 ,13417.49,0.78,79855,3
1932,R300 ,R372 ,17498.3,1.02,96635,4
1933,R100 ,R133 ,15007.42,0.88,79753,5
1934,R300 ,R360 ,15013.3,0.88,96416,4
1935,R300 ,R310 ,17898.13,1.04,96890,4
1936,R200 ,R222 ,21679.63,1.26,78857,9
1937,R300 ,R337 ,13952.96,0.81,79869,4
1938,R400 ,R415 ,10906.67,0.64,79407,3
1939,R100 ,R105 ,12791.38,0.75,79737,7
1940,R100 ,R173 ,12149.04,0.71,80004,5
1941,R300 ,R310 ,17674.22,1.03,79343,4
1942,R400 ,R452 ,11022.64,0.64,79859,1
1943,R100 ,R129 ,13999,0.82,79891,7
1944,R100 ,R129 ,22245.22,1.3,96663,7
1945,R100 ,R129 ,15443.5,0.9,96892,7
1946,R100 ,R172 ,13466.53,0.79,79837,5
1947,R200 ,R259 ,13569.47,0.79,80057,10
1948,R400 ,R424 ,14464.63,0.84,84468,2
1949,R400 ,R454 ,15832.45,0.92,80170,3
1950,R100 ,R122 ,15450.59,0.9,103127,5
1951,R100 ,R147 ,14901.96,0.87,79811,5
1952,R100 ,R118 ,17005.88,0.99,82313,7
1953,R300 ,R341 ,10380.56,0.61,79516,6
1954,R400 ,R459 ,12301.22,0.72,72326,2
1955,R400 ,R460 ,10912.26,0.64,79797,1
1956,R400 ,R460 ,13294.29,0.78,81816,1
1957,R200 ,R259 ,14672.85,0.86,80130,10
1958,R200 ,R248 ,16870.99,0.98,79947,9
1959,R300 ,R374 ,17293.8,1.01,94245,9
1960,R300 ,R379 ,22912.25,1.34,94275,9
1961,R200 ,R232 ,18783.31,1.1,79962,9
1962,R300 ,R306 ,8816.03,0.51,79780,6
1963,R300 ,R369 ,12178.13,0.71,79891,4
1964,R300 ,R336 ,18641.11,1.09,81507,4
1965,R400 ,R468 ,16174.39,0.94,79939,1
1966,R300 ,R313 ,15802.73,0.92,103129,4
1967,R300 ,R314 ,14475.79,0.84,79983,4
1968,R400 ,R417 ,14314.36,0.83,80046,3
1969,R100 ,R173 ,15678.41,0.91,80005,5
1970,R400 ,R411 ,12912.32,0.75,80040,3
1971,R100 ,R137 ,11438.97,0.67,80160,5
1972,R100 ,R169 ,12317.64,0.72,79571,5
1973,R300 ,R348 ,12927.16,0.75,79813,4
1974,R300 ,R315 ,12648.88,0.74,79979,4
1975,R300 ,R311 ,16395.99,0.96,79191,6
1976,R100 ,R177 ,17236.3,1.01,103121,8
1977,R100 ,R123 ,12964.93,0.76,80167,7
1978,R100 ,R173 ,16261.24,0.95,79886,5
1979,R300 ,R327 ,10674.13,0.62,79771,6
1980,R200 ,R239 ,21183.4,1.24,85248,9
1981,R300 ,R342 ,8779.61,0.51,79952,6
1982,R300 ,R341 ,11215.11,0.65,79818,6
1983,R300 ,R369 ,17104.06,1,79918,4
1984,R200 ,R237 ,11877.35,0.69,79974,9
2006,R400 ,R419 ,20153.3,1.18,84532,2
2007,R400 ,R412 ,10893.06,0.64,80028,3
2008,R300 ,R342 ,7908.83,0.46,79922,6
2009,R400 ,R447 ,13109.58,0.76,79743,1
2010,R100 ,R107 ,11830.41,0.69,82264,7
2011,R300 ,R362 ,12315.06,0.72,79954,4
2014,R100 ,R136 ,18046.87,1.05,84554,5
2015,R100 ,R136 ,11773.91,0.69,79827,5
2016,R100 ,R174 ,14287.05,0.83,79738,5
2017,R400 ,R466 ,11668.63,0.68,79714,3
2018,R200 ,R213 ,18777.98,1.1,84121,9
2019,R200 ,R217 ,14515.48,0.85,84567,9
2020,R200 ,R209 ,15833.8,0.92,80485,9
2021,R100 ,R179 ,16619.28,0.97,96887,8
2022,R300 ,R367 ,22285.2,1.3,96822,4
2023,R100 ,R177 ,18884.33,1.1,96607,8
2024,R400 ,R451 ,14800.4,0.86,80050,2
2025,R100 ,R124 ,15418.57,0.9,84509,5
2026,R200 ,R207 ,16593.37,0.97,84476,9
2027,R300 ,R337 ,13010.79,0.76,80042,4
2028,R100 ,R145 ,13746.54,0.8,79786,5
2029,R100 ,R179 ,15920.81,0.93,80039,8
2030,R200 ,R219 ,21262.98,1.24,82356,9
2031,R300 ,R378 ,14390.38,0.84,79793,6
2032,R300 ,R365 ,13460.31,0.79,79763,4
2033,R100 ,R148 ,14546.27,0.85,79707,5
2034,R300 ,R354 ,21253.59,1.24,96696,4
2035,R100 ,R145 ,15469.15,0.9,96887,5
2036,R300 ,R335 ,22126.21,1.29,96990,4
2037,R300 ,R358 ,11518.8,0.67,79906,4
2038,R400 ,R467 ,14318.05,0.84,79753,2
2040,R300 ,R354 ,17063.27,1,79439,4
2041,R100 ,R105 ,12355.08,0.72,83548,7
2042,R300 ,R342 ,16031.24,0.94,96935,6
2043,R100 ,R144 ,12732.6,0.74,79972,7
2044,R100 ,R171 ,11796.18,0.69,80039,5
2045,R400 ,R460 ,13842.5,0.81,78700,1
2046,R100 ,R102 ,15801.65,0.92,97524,5
2048,R100 ,R133 ,15655.3,0.91,80039,5
2051,R200 ,R202 ,16135.06,0.94,82512,9
2052,R100 ,R175 ,17685.1,1.03,96997,8
2053,R300 ,R333 ,13709.08,0.8,80059,4
2055,R300 ,R331 ,13899.73,0.81,79476,4
2056,R300 ,R335 ,16237.46,0.95,96931,4
2057,R300 ,R351 ,21884.11,1.28,81995,4
2058,R300 ,R324 ,14026.92,0.82,79530,4
2059,R300 ,R320 ,15837.23,0.92,96931,4
2061,R300 ,R301 ,11518.39,0.67,79617,6
2062,R300 ,R324 ,15010.69,0.88,79725,4
2063,R300 ,R320 ,22742.94,1.33,97807,4
2064,R300 ,R354 ,12526.87,0.73,79854,4
2065,R300 ,R310 ,14059.85,0.82,96712,4
2066,R300 ,R364 ,13446.13,0.78,79811,6
2067,R300 ,R310 ,14790.46,0.86,95402,4
2068,R100 ,R168 ,12474.44,0.73,79974,5
2069,R300 ,R372 ,19794.26,1.15,96935,4
2070,R100 ,R169 ,18237.02,1.06,82352,5
2071,R400 ,R457 ,13884.61,0.81,79833,3
2072,R400 ,R453 ,15049.46,0.88,80252,3
2073,R400 ,R470 ,12944.49,0.75,79637,1
2074,R300 ,R355 ,10997.2,0.64,79476,4
2075,R400 ,R462 ,16673.55,0.97,85512,3
2076,R400 ,R451 ,11758,0.69,79795,2
2077,R400 ,R430 ,12219.16,0.71,79634,3
2078,R100 ,R116 ,18619.49,1.09,84892,5
2079,R100 ,R141 ,20343.1,1.19,85510,5
2080,R300 ,R362 ,12605.45,0.74,101681,4
2081,R100 ,R121 ,17503.82,1.02,96676,5
2082,R200 ,R244 ,14148.16,0.83,79830,9
2083,R300 ,R375 ,14948.88,0.87,84188,9
2084,R300 ,R369 ,11805.45,0.69,82776,4
2085,R300 ,R348 ,13948.75,0.81,79817,4
2086,R100 ,R169 ,13041.89,0.76,79795,5
2087,R100 ,R145 ,22546.95,1.32,81928,5
2088,R200 ,R233 ,18525.42,1.08,84224,9
2089,R300 ,R353 ,14135.17,0.82,96672,6
2090,R300 ,R355 ,13911.55,0.81,79848,4
2091,R300 ,R334 ,15409.45,0.9,97477,4
2092,R300 ,R318 ,19802.69,1.15,103290,4
2093,R300 ,R364 ,24946.24,1.45,81803,6
2095,R100 ,R129 ,14597.45,0.85,76959,6
2096,R200 ,R218 ,13918.17,0.81,79279,9
2098,R100 ,R167 ,11273.99,0.66,80161,7
2099,R400 ,R431 ,13274.74,0.77,80095,3
2100,R400 ,R430 ,11881.95,0.69,80161,3
2101,R100 ,R126 ,25991.63,1.52,92390,5
2102,R400 ,R424 ,11910.75,0.69,79940,2
2103,R100 ,R118 ,13708.19,0.8,82487,7
2104,R400 ,R422 ,14904.77,0.87,80190,2
2105,R100 ,R135 ,13635.68,0.8,82171,5
2106,R100 ,R146 ,21886.76,1.28,102399,5
2108,R300 ,R358 ,13209.06,0.77,80355,4
2109,R300 ,R349 ,13425.73,0.78,81724,4
2110,R200 ,R260 ,15506.9,0.9,80371,10
2111,R300 ,R371 ,12067.51,0.7,80126,4
2112,R300 ,R305 ,11248.22,0.66,80161,6
2113,R100 ,R134 ,16154.26,0.94,82041,5
2114,R400 ,R454 ,12706.22,0.74,79999,3
2115,R200 ,R208 ,12969.02,0.76,84158,9
2118,R300 ,R314 ,17591.29,1.03,101926,4
2119,R100 ,R171 ,13437.88,0.78,77429,5
2120,R400 ,R447 ,13448.13,0.78,80226,1
2121,R300 ,R334 ,15421.05,0.9,84352,4
2122,R100 ,R122 ,16351.93,0.95,79868,5
2123,R100 ,R178 ,18344.56,1.07,79905,8
2124,R400 ,R421 ,24831.76,1.45,86198,3
2125,R100 ,R107 ,16321.94,0.95,79771,7
2126,R300 ,R333 ,14207.28,0.83,80194,4
2127,R400 ,R439 ,14587.04,0.85,79317,1
2128,R200 ,R202 ,18280.45,1.07,81453,9
2129,R300 ,R336 ,13316.84,0.78,77316,4
2130,R400 ,R447 ,16133.54,0.94,80237,1
2131,R400 ,R421 ,16672.83,0.97,80356,3
2132,R300 ,R355 ,13031.92,0.76,96653,4
2133,R400 ,R415 ,13025,0.76,82355,3
2134,R300 ,R358 ,18768.16,1.09,80517,4
2135,R100 ,R126 ,11790.14,0.69,82548,5
2136,R200 ,R259 ,12598.14,0.73,81907,10
2137,R300 ,R336 ,29282.46,1.71,85373,4
2138,R400 ,R466 ,15357.32,0.9,96757,3
2139,R300 ,R311 ,11320.49,0.66,83197,6
2140,R300 ,R376 ,18635.02,1.09,101204,9
2141,R400 ,R419 ,17782.43,1.04,82185,2
2142,R300 ,R326 ,14030.84,0.82,95921,6
2143,R200 ,R209 ,18214.6,1.06,88818,9
2144,R300 ,R364 ,12214.72,0.71,82363,6
2145,R300 ,R321 ,15779.07,0.92,95958,6
2146,R300 ,R318 ,19087.89,1.11,100315,4
2147,R200 ,R217 ,15700.89,0.92,82594,9
2149,R300 ,R375 ,13284.48,0.77,82217,9
2150,R100 ,R178 ,14546.06,0.85,82403,8
2151,R200 ,R202 ,18247.93,1.06,84705,9
2152,R300 ,R305 ,12708.48,0.74,82672,6
2153,R300 ,R340 ,11820.02,0.69,82680,4
2154,R300 ,R359 ,13939.34,0.81,81971,4
2155,R300 ,R315 ,11028.44,0.64,82218,4
2156,R400 ,R460 ,15043.97,0.88,80276,1
2157,R100 ,R170 ,11986.52,0.7,82655,5
2158,R400 ,R467 ,12458.49,0.73,82241,2
2159,R100 ,R174 ,9543.22,0.56,83075,5
2161,R100 ,R170 ,15143.77,0.88,82722,5
2163,R200 ,R261 ,17502.73,1.02,82555,9
2164,R300 ,R380 ,13939.14,0.81,82340,9
2165,R200 ,R261 ,18428.88,1.07,84447,9
2166,R400 ,R447 ,12957.95,0.76,82709,1
2167,R400 ,R428 ,13447.78,0.78,82544,1
2168,R300 ,R371 ,11369.85,0.66,82675,4
2169,R300 ,R362 ,20325.35,1.19,95961,4
2170,R400 ,R422 ,12172.56,0.71,82272,2
2171,R300 ,R335 ,15182.74,0.89,82583,4
2172,R400 ,R453 ,14327.61,0.84,83077,3
2173,R400 ,R470 ,12794.02,0.75,82181,1
2174,R300 ,R346 ,12391.72,0.72,82601,4
2175,R400 ,R466 ,10997.7,0.64,82857,3
2176,R300 ,R379 ,25009.47,1.46,83900,9
2177,R100 ,R115 ,13191.28,0.77,82115,5
2178,R100 ,R135 ,21199.34,1.24,80171,5
2179,R200 ,R217 ,11191.94,0.65,82666,9
2180,R100 ,R114 ,19791.33,1.15,98251,5
2181,R400 ,R422 ,12618.57,0.74,84927,2
2182,R400 ,R447 ,12903.72,0.75,82275,1
2183,R100 ,R175 ,14774.68,0.86,95872,8
2184,R400 ,R454 ,14525.17,0.85,82530,3
2185,R200 ,R211 ,14338.59,0.84,84052,9
2186,R400 ,R431 ,13942.39,0.81,82838,3
2187,R300 ,R327 ,10701.3,0.62,81841,6
2188,R300 ,R349 ,21189.37,1.24,82204,4
2189,R100 ,R101 ,24105.11,1.41,98135,5
2190,R300 ,R352 ,12424.24,0.72,81751,6
2191,R400 ,R416 ,9003.96,0.53,81839,2
2192,R200 ,R264 ,13160.13,0.77,82140,10
2193,R100 ,R131 ,21700.84,1.27,104591,5
2194,R100 ,R143 ,21255.94,1.24,83071,8
2195,R200 ,R232 ,81115.94,4.73,81631,9
2196,R300 ,R367 ,11416.52,0.67,83971,4
2197,R100 ,R175 ,20485.02,1.19,95794,8
2199,R100 ,R110 ,15465.15,0.9,82252,5
2200,R100 ,R126 ,17905.31,1.04,98368,5
2201,R400 ,R430 ,15054.4,0.88,82198,3
2202,R400 ,R431 ,19492.92,1.14,84493,3
2203,R300 ,R370 ,12279.02,0.72,82433,3
2204,R100 ,R167 ,13945.06,0.81,82000,6
2205,R300 ,R311 ,11948.89,0.7,82517,6
2206,R100 ,R161 ,17124.9,1,82683,10
2207,R100 ,R135 ,13115.65,0.76,82368,5
2208,R300 ,R348 ,15921.09,0.93,82277,4
2210,R300 ,R310 ,20953.26,1.22,98033,4
2211,R400 ,R416 ,11981.49,0.7,82314,2
2212,R400 ,R423 ,24660.11,1.44,91947,2
2213,R400 ,R439 ,12549.89,0.73,82258,1
2214,R200 ,R208 ,14361.37,0.84,83147,9
2216,R300 ,R374 ,19632.56,1.15,95591,6
2217,R100 ,R133 ,15569.67,0.91,82555,5
2218,R100 ,R176 ,19129.39,1.12,95853,8
2219,R100 ,R177 ,20773.99,1.21,95921,8
2220,R300 ,R301 ,19264.01,1.12,95883,6
2221,R100 ,R177 ,19171.12,1.12,98530,8
2222,R100 ,R123 ,15223.32,0.89,82572,7
2223,R100 ,R131 ,12062.63,0.7,82769,5
2224,R300 ,R305 ,12026.39,0.7,82008,6
2225,R100 ,R179 ,15380.23,0.9,82815,8
2226,R100 ,R174 ,13300.03,0.78,79568,5
2227,R300 ,R375 ,18671.34,1.09,97381,9
2228,R100 ,R174 ,12586.78,0.73,79749,5
2229,R100 ,R102 ,28290.13,1.65,104399,5
2230,R100 ,R137 ,20244.76,1.18,82346,5
2231,R400 ,R454 ,12315.13,0.72,82023,3
2232,R200 ,R201 ,16960.15,0.99,84026,9
2233,R300 ,R315 ,14477.09,0.84,97840,4
2234,R300 ,R302 ,10622.44,0.62,102469,6
2235,R300 ,R354 ,19945.87,1.16,102327,4
2236,R300 ,R377 ,17565.23,1.02,98398,9
2237,R300 ,R305 ,14789.51,0.86,81809,6
2238,R200 ,R237 ,17540.29,1.02,81739,9
2239,R300 ,R327 ,16317.28,0.95,102368,6
2240,R300 ,R369 ,12964.15,0.76,82422,4
2241,R400 ,R431 ,14083.83,0.82,82689,3
2243,R300 ,R306 ,13982.8,0.82,98028,6
2244,R300 ,R355 ,15384.29,0.9,84647,4
2245,R200 ,R206 ,18086.36,1.05,82114,9
2246,R400 ,R461 ,13631.19,0.8,82987,3
2247,R400 ,R451 ,14377,0.84,81651,2
2248,R300 ,R360 ,12583.95,0.73,82718,4
2249,R400 ,R460 ,13104.62,0.76,82302,1
2250,R400 ,R457 ,12185.7,0.71,82698,3
2251,R100 ,R150 ,15613.2,0.91,82608,5
2252,R200 ,R245 ,12439.23,0.73,82391,9
2253,R400 ,R467 ,13349.91,0.78,82792,2
2254,R100 ,R134 ,13982.43,0.82,79882,5
2255,R100 ,R118 ,12695.01,0.74,82319,7
2256,R400 ,R450 ,11696.3,0.68,81964,2
2258,R400 ,R429 ,13082.13,0.76,85561,1
2259,R400 ,R412 ,23898.41,1.39,87461,3
2260,R200 ,R248 ,16211.26,0.95,98284,9
2261,R100 ,R179 ,21320.48,1.24,96619,8
2262,R400 ,R430 ,11808.71,0.69,82719,3
2264,R300 ,R324 ,27120.06,1.58,102684,4
2265,R300 ,R318 ,11890.78,0.69,82459,4
2266,R100 ,R174 ,18072.21,1.05,82387,5
2267,R400 ,R470 ,13125.4,0.77,82677,1
2268,R200 ,R246 ,12944.3,0.75,82302,9
2269,R300 ,R360 ,12743.29,0.74,82054,4
2270,R200 ,R220 ,17684.44,1.03,82589,9
2271,R400 ,R415 ,20206.73,1.18,84460,3
2272,R400 ,R441 ,15535.61,0.91,82290,3
2273,R300 ,R353 ,12140.39,0.71,82402,6
2274,R300 ,R340 ,12462.88,0.73,82754,4
2275,R200 ,R207 ,15040.35,0.88,82932,9
2276,R300 ,R340 ,13076.17,0.76,82715,4
2277,R300 ,R337 ,15381.21,0.9,79507,4
2278,R300 ,R306 ,8577.29,0.5,82776,6
2279,R300 ,R359 ,11524.71,0.67,82048,4
2280,R200 ,R239 ,18666.58,1.09,82375,9
2281,R200 ,R233 ,16828.93,0.98,82439,9
2283,R300 ,R302 ,10424.27,0.61,81779,6
2284,R100 ,R167 ,9327.15,0.54,82310,6
2287,R400 ,R452 ,14367.85,0.84,82476,1
2288,R300 ,R322 ,11427.84,0.67,98196,6
2289,R300 ,R314 ,13654.12,0.8,102718,4
2290,R200 ,R265 ,17523.14,1.02,82140,10
2292,R400 ,R428 ,13748.51,0.8,82304,1
2294,R400 ,R457 ,13577.8,0.79,82848,3
2295,R400 ,R467 ,11937.38,0.7,82713,2
2296,R300 ,R370 ,11253.68,0.66,82845,3
2297,R400 ,R457 ,13328.51,0.78,82301,3
2300,R100 ,R163 ,23676.61,1.38,102560,5
2301,R300 ,R315 ,12067.75,0.7,79580,4
2302,R400 ,R431 ,12003.96,0.7,82325,3
2303,R100 ,R107 ,21916.35,1.28,102791,7
2304,R200 ,R202 ,16984.39,0.99,92431,9
2305,R400 ,R460 ,13259.1,0.77,83617,1
2306,R200 ,R245 ,12004.62,0.7,81802,9
2307,R200 ,R236 ,21543.6,1.26,87697,9
2308,R300 ,R351 ,11655,0.68,82714,3
2309,R200 ,R232 ,14751.69,0.86,102578,9
2310,R400 ,R415 ,16000.5,0.93,81887,3
2312,R400 ,R453 ,23583.75,1.38,92086,3
2313,R100 ,R163 ,31423.53,1.83,104449,5
2314,R200 ,R265 ,15517.41,0.91,82921,10
2315,R400 ,R447 ,21727.61,1.27,82276,1
2316,R300 ,R320 ,15477.38,0.9,97942,4
2317,R300 ,R320 ,19986.85,1.17,103536,4
2319,R200 ,R207 ,19689.77,1.15,82769,9
2320,R300 ,R303 ,15413.78,0.9,103649,6
2321,R100 ,R111 ,16703.16,0.97,103492,5
2322,R100 ,R170 ,18035.07,1.05,82761,5
2323,R400 ,R466 ,13828.03,0.81,104043,3
2324,R400 ,R467 ,16118.75,0.94,82227,2
2325,R400 ,R452 ,11186.67,0.65,82428,1
2326,R100 ,R107 ,18733.23,1.09,103451,7
2327,R100 ,R136 ,13390.27,0.78,82875,5
2328,R200 ,R207 ,16998.92,0.99,83584,9
2329,R200 ,R219 ,20467.54,1.19,84992,9
2330,R100 ,R117 ,13410.92,0.78,82072,5
2331,R300 ,R350 ,17189.98,1,82050,4
2332,R300 ,R351 ,12842.81,0.75,82366,4
2333,R300 ,R335 ,15113.19,0.88,79522,4
2334,R300 ,R306 ,9482,0.55,82479,6
2335,R300 ,R302 ,14171.57,0.83,101330,6
2337,R400 ,R417 ,11256.92,0.66,82257,3
2338,R300 ,R326 ,19559.39,1.14,101316,6
2339,R200 ,R262 ,30081,1.75,88269,10
2340,R100 ,R163 ,18175.89,1.06,103620,5
2341,R300 ,R375 ,13774.94,0.8,82599,9
2342,R300 ,R341 ,14026.97,0.82,102964,6
2343,R100 ,R179 ,13508.68,0.79,82251,8
2345,R100 ,R118 ,14386.95,0.84,82330,7
2346,R100 ,R171 ,14719.41,0.86,82289,5
2347,R200 ,R218 ,11198.63,0.65,82277,9
2348,R100 ,R150 ,13182.36,0.77,82360,5
2349,R200 ,R250 ,17487.19,1.02,103132,9
2350,R200 ,R219 ,17382.19,1.01,97725,9
2351,R100 ,R174 ,13315.86,0.78,79494,5
2354,R300 ,R375 ,15840.96,0.92,103776,9
2355,R300 ,R340 ,10969.41,0.64,82363,4
2356,R300 ,R304 ,13665.86,0.8,82201,6
2357,R100 ,R129 ,21272.94,1.24,82116,6
2358,R100 ,R173 ,12503.48,0.73,82246,5
2359,R200 ,R213 ,13391.61,0.78,82322,9
2360,R300 ,R333 ,18988.72,1.11,103204,4
2361,R400 ,R460 ,17916.09,1.04,92397,1
2362,R300 ,R369 ,13196.91,0.77,103637,4
2363,R300 ,R320 ,15580.11,0.91,103715,4
2364,R300 ,R313 ,16405.13,0.96,111024,4
2365,R300 ,R374 ,18410.06,1.07,103609,9
2366,R300 ,R314 ,13287.57,0.78,82209,4
2367,R300 ,R333 ,13534.64,0.79,82289,4
2368,R300 ,R380 ,11108.29,0.65,82270,9
2369,R300 ,R320 ,11140.3,0.65,82334,4
2370,R300 ,R365 ,20821.61,1.21,100164,4
2371,R200 ,R262 ,29785.77,1.74,88020,10
2372,R200 ,R262 ,36310.74,2.12,87847,10
2373,R100 ,R141 ,23314.18,1.36,88792,5
2374,R300 ,R306 ,11208.65,0.65,82292,6
2375,R300 ,R340 ,11086.8,0.65,82382,4
2376,R300 ,R365 ,13742.95,0.8,101479,4
2377,R300 ,R353 ,11964.7,0.7,82341,6
2378,R100 ,R115 ,18158.26,1.06,102945,5
2379,R400 ,R457 ,13095.58,0.76,82376,3
2380,R400 ,R469 ,15786.46,0.92,83341,2
2381,R400 ,R446 ,20390.42,1.19,82841,2
2382,R400 ,R416 ,10784.53,0.63,82487,2
2383,R100 ,R107 ,19469.75,1.14,103679,7
2384,R400 ,R422 ,17722.2,1.03,82585,2
2385,R400 ,R430 ,14009.86,0.82,81934,3
2386,R200 ,R218 ,12348.87,0.72,101445,9
2387,R300 ,R335 ,12542.55,0.73,82295,4
2388,R100 ,R150 ,15505.85,0.9,82046,5
2389,R300 ,R304 ,20579.06,1.2,103125,6
2390,R100 ,R163 ,23943.77,1.4,105381,5
2391,R100 ,R138 ,13943.97,0.81,82922,5
2392,R400 ,R450 ,15908.74,0.93,82089,2
2394,R400 ,R415 ,13287.04,0.77,82259,3
2395,R300 ,R355 ,14161.52,0.83,82534,4
2396,R300 ,R370 ,11884.73,0.69,82555,3
2397,R200 ,R244 ,15628.89,0.91,83338,9
2398,R200 ,R240 ,17118.96,1,88129,9
2399,R400 ,R461 ,14808.26,0.86,82540,3
2400,R300 ,R375 ,15323.16,0.89,102712,9
2403,R100 ,R176 ,25435.33,1.48,102986,8
2404,R300 ,R380 ,15046.5,0.88,79480,9
2406,R100 ,R102 ,23477.23,1.37,97351,5
2407,R300 ,R358 ,10225.27,0.6,82339,3
2408,R200 ,R208 ,14322.74,0.84,82396,9
2409,R300 ,R341 ,14274.87,0.83,82387,6
2410,R200 ,R257 ,61584.24,3.59,89082,9
2411,R200 ,R257 ,50207.23,2.93,86764,9
2412,R200 ,R257 ,48383.53,2.82,86717,9
2414,R100 ,R117 ,13409.28,0.78,82272,5
2415,R100 ,R148 ,13091.96,0.76,79563,5
2418,R400 ,R462 ,16515.58,0.96,82365,3
2419,R300 ,R311 ,16511.15,0.96,103695,6
2420,R200 ,R250 ,13985.84,0.82,82255,9
2421,R200 ,R244 ,15128.36,0.88,82941,9
2422,R100 ,R129 ,13669.47,0.8,82291,6
2423,R100 ,R123 ,19437.21,1.13,82301,7
2424,R200 ,R207 ,17662.86,1.03,82183,9
2425,R300 ,R342 ,8287.99,0.48,82124,6
2426,R300 ,R327 ,14875.68,0.87,103658,6
2427,R300 ,R310 ,20554.44,1.2,87393,4
2428,R300 ,R304 ,14166.64,0.83,82240,6
2429,R300 ,R322 ,11837.59,0.69,82343,6
2430,R400 ,R428 ,14300.46,0.83,85134,1
2431,R300 ,R334 ,13900.18,0.81,102189,4
2432,R400 ,R439 ,12124.78,0.71,82311,1
2433,R400 ,R439 ,10645.27,0.62,82236,1
2434,R400 ,R460 ,16641.42,0.97,81961,1
2436,R400 ,R417 ,12524.26,0.73,82324,3
2437,R400 ,R431 ,13571.89,0.79,82214,3
2438,R300 ,R322 ,10645.93,0.62,82382,6
2439,R400 ,R431 ,13430.15,0.78,82287,3
2440,R100 ,R133 ,14561.68,0.85,82278,5
2442,R300 ,R332 ,14268.32,0.83,82355,4
2445,R300 ,R359 ,12342.84,0.72,82306,4
2446,R400 ,R461 ,13878.56,0.81,82109,2
2448,R100 ,R129 ,11575.58,0.68,79562,7
2449,R100 ,R101 ,16443.63,0.96,85996,5
2450,R100 ,R169 ,13559.36,0.79,85639,5
2451,R400 ,R469 ,27828.52,1.62,87111,2
2454,R100 ,R107 ,18016.56,1.05,82387,7
2455,R200 ,R208 ,15834.51,0.92,82590,9
2456,R100 ,R124 ,21347.96,1.25,107394,5
2457,R100 ,R176 ,21077.64,1.23,82430,8
2458,R100 ,R177 ,13321.8,0.78,82233,8
2459,R400 ,R438 ,12407.12,0.72,82135,2
2460,R300 ,R301 ,11315.18,0.66,81996,6
2461,R400 ,R438 ,13038.79,0.76,82284,2
2462,R200 ,R240 ,16201.64,0.94,85529,9
2463,R200 ,R246 ,17660.66,1.03,86038,9
2465,R200 ,R231 ,36242.28,2.11,84466,9
2467,R300 ,R327 ,10961.99,0.64,81855,6
2468,R200 ,R248 ,21042.87,1.23,103779,9
2469,R200 ,R250 ,13626.16,0.79,84451,9
2470,R200 ,R207 ,17761.54,1.04,82584,9
2471,R200 ,R205 ,17599.8,1.03,103431,9
2472,R200 ,R220 ,16118.77,0.94,81977,9
2473,R100 ,R168 ,20818.76,1.21,85348,4
2474,R300 ,R332 ,16935.71,0.99,85941,4
2475,R400 ,R459 ,25298.57,1.48,87391,2
2476,R300 ,R334 ,27801.12,1.62,108688,4
2478,R400 ,R417 ,13047.21,0.76,85748,3
2480,R400 ,R470 ,13099.1,0.76,86377,1
2482,R200 ,R244 ,17448.65,1.02,86586,9
2483,R100 ,R172 ,14827.66,0.86,85442,4
2485,R300 ,R359 ,12974.87,0.76,82918,4
2486,R100 ,R172 ,13628.4,0.79,85822,5
2488,R100 ,R172 ,16422.61,0.96,86006,5
2489,R300 ,R314 ,12425.12,0.72,85675,4
2490,R100 ,R121 ,19147.89,1.12,106766,5
2491,R100 ,R146 ,16506.59,0.96,85927,5
2492,R200 ,R246 ,16992.46,0.99,83759,9
2493,R300 ,R346 ,11287.76,0.66,85804,4
2494,R300 ,R303 ,12446.28,0.73,85769,6
2495,R300 ,R341 ,15332.87,0.89,107348,6
2496,R400 ,R453 ,13449.38,0.78,82821,3
2497,R300 ,R373 ,12544.15,0.73,85952,9
2498,R100 ,R167 ,15550.81,0.91,85803,6
2499,R200 ,R205 ,15762.52,0.92,107308,9
2501,R300 ,R370 ,14101.51,0.82,85787,3
2503,R300 ,R340 ,17639.27,1.03,103610,4
2516,R300 ,R302 ,14469.06,0.84,107351,6
2519,R100 ,R102 ,12477.91,0.73,86712,5
2520,R300 ,R326 ,10930.01,0.64,107443,6
2523,R200 ,R258 ,21739.93,1.27,85996,10
2524,R200 ,R250 ,18610.44,1.09,85127,9
2525,R100 ,R123 ,13790.05,0.8,85698,7
2526,R100 ,R127 ,12976.58,0.76,82494,7
2527,R400 ,R421 ,13644.45,0.8,85782,3
2528,R400 ,R416 ,11215.47,0.65,82825,2
2529,R400 ,R431 ,14783.81,0.86,85807,3
2530,R400 ,R447 ,12060.87,0.7,81769,1
2531,R300 ,R331 ,14006.88,0.82,82502,6
2532,R400 ,R428 ,18832.66,1.1,85689,1
2533,R300 ,R304 ,13237.56,0.77,82865,6
2534,R300 ,R331 ,12611.23,0.74,85262,6
2536,R400 ,R461 ,16009.96,0.93,85859,3
2537,R400 ,R421 ,14867.53,0.87,85862,3
2538,R400 ,R457 ,13153.08,0.77,82572,3
2540,R100 ,R143 ,17659.94,1.03,86399,8
2542,R100 ,R129 ,20273.52,1.18,103504,6
2544,R100 ,R135 ,14674.67,0.86,85980,5
2545,R400 ,R453 ,17078.18,1,85916,3
2546,R100 ,R110 ,14497.89,0.85,85943,5
2547,R300 ,R360 ,11536.51,0.67,85792,4
2548,R400 ,R421 ,14093.4,0.82,75582,3
2550,R300 ,R302 ,10857.29,0.63,103940,6
2557,R100 ,R172 ,14412.47,0.84,86062,5
2559,R100 ,R122 ,15308.18,0.89,82554,5
2565,R300 ,R362 ,6955.21,0.41,86031,4
2567,R400 ,R431 ,14185.38,0.83,86057,3
2568,R300 ,R380 ,20486.14,1.19,86392,9
2569,R300 ,R373 ,13379.83,0.78,85898,9
2570,R400 ,R468 ,14667.2,0.86,86060,1
2572,R300 ,R302 ,20958.4,1.22,101369,6
2581,R200 ,R233 ,15178.5,0.89,85236,9
2584,R200 ,R233 ,20568.84,1.2,87380,9
2586,R100 ,R110 ,19215.74,1.12,86289,5
2596,R400 ,R421 ,14129.75,0.82,86612,3
2601,R200 ,R212 ,18532.38,1.08,85641,9
2604,R200 ,R208 ,14991.21,0.87,86813,9
2605,R200 ,R233 ,20680.12,1.21,87313,9
2607,R400 ,R428 ,10917.01,0.64,86008,1
2608,R400 ,R461 ,14096.88,0.82,78437,3
2609,R100 ,R178 ,15797.52,0.92,86118,8
2613,R100 ,R116 ,26971.71,1.57,83519,5
2615,R200 ,R237 ,19736.55,1.15,83372,9
2627,R200 ,R263 ,16619.9,0.97,85914,9
2631,R400 ,R415 ,15121.29,0.88,83229,3
2632,R200 ,R239 ,20718.86,1.21,86716,9
2641,R100 ,R178 ,22049.41,1.29,85386,8
2649,R400 ,R429 ,17883.65,1.04,86430,1
2660,R200 ,R257 ,50337.47,2.94,85572,9
2682,R200 ,R257 ,60787.18,3.55,86688,9
2693,R400 ,R429 ,22348.01,1.3,78343,1
2697,R200 ,R257 ,49197.17,2.87,86717,9
2715,R200 ,R250 ,18163.03,1.06,85629,9
2716,R100 ,R179 ,26029.89,1.52,103599,8
2717,R100 ,R179 ,16868.81,0.98,84045,8
2721,R300 ,R372 ,15351.64,0.9,86076,4
2725,R300 ,R322 ,6638.75,0.39,82643,6
2727,R300 ,R301 ,12836.29,0.75,86223,6
2728,R100 ,R168 ,14313.97,0.83,82660,4
2729,R400 ,R470 ,14787.04,0.86,85163,1
2730,R200 ,R261 ,19808.13,1.16,85619,9
2737,R100 ,R167 ,14397.33,0.84,85650,6
2739,R300 ,R301 ,10245.67,0.6,85796,6
2742,R300 ,R350 ,17037.35,0.99,86116,4
2744,R200 ,R213 ,16037.01,0.94,86827,9
2747,R300 ,R379 ,15020.35,0.88,87031,9
2753,R400 ,R419 ,20767.47,1.21,82700,2
2754,R300 ,R342 ,11179.4,0.65,79305,6
2757,R400 ,R454 ,23500.78,1.37,87536,3
2759,R200 ,R240 ,21761.92,1.27,86306,9
2760,R200 ,R240 ,19140.67,1.12,86140,9
2764,R400 ,R453 ,20121.51,1.17,85110,3
2765,R100 ,R146 ,21144.9,1.23,86977,5
2766,R200 ,R210 ,10885.51,0.63,50670,9
2767,R200 ,R211 ,29795.47,1.74,81382,9
2768,R200 ,R212 ,12421.06,0.72,54031,9
2770,R300 ,R370 ,17177.56,1,86658,3
2771,R200 ,R237 ,15844.28,0.92,85407,9
2772,R200 ,R212 ,16456.86,0.96,81415,9
2774,R200 ,R204 ,13732.93,0.8,45825,9
2775,R200 ,R204 ,12790.63,0.75,58067,9
2776,R200 ,R204 ,11541.7,0.67,57332,9
2779,R200 ,R260 ,18343.08,1.07,86115,10
2780,R100 ,R110 ,19400.44,1.13,86169,5
2781,R100 ,R116 ,19231.18,1.12,89292,5
2784,R300 ,R372 ,9476.47,0.55,86519,4
2785,R300 ,R371 ,17529.66,1.02,86089,4
2786,R200 ,R265 ,7278.99,0.42,47568,10
2787,R400 ,R454 ,18302.68,1.07,87777,3
2790,R400 ,R441 ,27809.78,1.62,86814,3
2791,R200 ,R258 ,6161.97,0.36,40431,10
2795,R200 ,R245 ,9597.21,0.56,53312,9
2796,R300 ,R340 ,16983.81,0.99,87476,4
2799,R100 ,R116 ,17566.06,1.02,57790,5
2802,R200 ,R231 ,14610.41,0.85,78679,9
2803,R300 ,R327 ,10634.74,0.62,86126,6
2804,R200 ,R212 ,23877.14,1.39,86680,9
2805,R400 ,R438 ,13600.31,0.79,86209,2
2810,R200 ,R209 ,22919.47,1.34,87264,9
2811,R400 ,R459 ,16398.04,0.96,88436,2
2813,R300 ,R378 ,18224.95,1.06,87120,6
2815,R300 ,R351 ,11193.33,0.65,86144,4
2816,R300 ,R369 ,12425.87,0.72,83199,4
2818,R100 ,R136 ,16262.92,0.95,86314,5
2820,R100 ,R175 ,16508.87,0.96,85821,8
2822,R400 ,R429 ,19541.01,1.14,77450,1
2824,R100 ,R147 ,15836.67,0.92,85871,5
2829,R200 ,R211 ,16595.32,0.97,83206,9
2830,R200 ,R233 ,16857.37,0.98,86011,9
2831,R200 ,R206 ,13699.62,0.8,82986,9
2840,R400 ,R455 ,20786.26,1.21,84895,2
2843,R300 ,R349 ,17118.33,1,85989,4
2844,R400 ,R455 ,15425.05,0.9,83289,2
2845,R400 ,R411 ,17259.75,1.01,83326,3
2847,R400 ,R424 ,19538.61,1.14,86329,2
2848,R300 ,R349 ,13042.3,0.76,87087,4
2850,R400 ,R423 ,14194.74,0.83,49455,2
2851,R100 ,R173 ,14938.5,0.87,85416,5
2853,R400 ,R450 ,13751.56,0.8,86202,2
2855,R200 ,R231 ,23567.67,1.37,87616,9
2857,R100 ,R161 ,18571.01,1.08,85375,10
2860,R100 ,R112 ,14876.32,0.87,79532,5
2865,R300 ,R304 ,11109.83,0.65,82010,6
2867,R400 ,R453 ,12625.36,0.74,80000,3
2868,R300 ,R311 ,8076.43,0.47,81752,6
2870,R200 ,R257 ,31340,1.83,0,9
2871,R200 ,R261 ,11190.52,0.65,50000,9
3200,R100 ,R126 ,2018.34,0.12,12067,5
3201,R200 ,R210 ,1221.53,0.07,8137,9
3202,R200 ,R211 ,787.98,0.05,4762,9
3203,R200 ,R212 ,1577.67,0.09,9712,9
3204,R100 ,R163 ,1204.56,0.07,7819,5
3205,R200 ,R201 ,1622.35,0.09,9555,9
3206,R400 ,R462 ,2106.23,0.12,11683,3
3207,R100 ,R116 ,1450.92,0.08,12189,5
3208,R100 ,R116 ,1691.28,0.1,129000,5
3210,R400 ,R412 ,2075.48,0.12,11362,3
3211,R400 ,R412 ,1689.44,0.1,7450,3
3212,R400 ,R462 ,1521.78,0.09,10594,3
3214,R100 ,R116 ,1771.57,0.1,12560,5
3216,R200 ,R204 ,1279.47,0.07,11017,9
3217,R200 ,R204 ,2606.84,0.15,13776,9
3218,R200 ,R219 ,2980.91,0.17,18948,9
3219,R100 ,R145 ,1809.48,0.11,11937,5
3221,R100 ,R116 ,1781.38,0.1,15806,5
3222,R400 ,R429 ,1653.52,0.1,10403,1
3223,R400 ,R429 ,1383.63,0.08,9955,1
3224,R200 ,R233 ,2200.74,0.13,13280,9
3225,R200 ,R207 ,2690.44,0.16,21625,9
3226,R400 ,R429 ,1262.9,0.07,8196,1
3227,R400 ,R462 ,2603.03,0.15,18900,3
3229,R400 ,R423 ,2800.6,0.16,24167,2
3230,R400 ,R469 ,1471.29,0.09,10521,2
3233,R200 ,R202 ,1766.29,0.1,9700,9
3234,R400 ,R430 ,2123.94,0.12,13923,3
3235,R400 ,R451 ,4530.29,0.26,29059,2
3236,R400 ,R455 ,3341.1,0.19,29809,2
3237,R400 ,R469 ,1859.54,0.11,15806,2
3238,R300 ,R324 ,1680.59,0.1,11545,4
3239,R100 ,R101 ,1831.61,0.11,11100,5
3240,R200 ,R212 ,2975.19,0.17,31988,9
3241,R300 ,R372 ,1797.86,0.1,7500,4
3242,R400 ,R448 ,3059.54,0.18,18745,3
3243,R400 ,R423 ,2207.15,0.13,21600,2
3244,R100 ,R169 ,2485.25,0.14,16500,5
3247,R400 ,R421 ,5296.14,0.31,32664,3
3249,R400 ,R423 ,1605.65,0.09,14249,2
3250,R300 ,R322 ,903.51,0.05,11000,6
3251,R200 ,R236 ,2025.36,0.12,14200,9
3252,R100 ,R141 ,1802.91,0.11,20300,5
3253,R400 ,R452 ,3975.59,0.23,31000,1
3254,R100 ,R172 ,1945.21,0.11,9128,5
3255,R300 ,R372 ,1356.87,0.08,11300,4
3258,R200 ,R222 ,4202.41,0.25,25046,9
3259,R400 ,R455 ,4858.49,0.28,31369,2
3261,R300 ,R375 ,4091.49,0.24,31050,9
3262,R200 ,R236 ,3376.77,0.2,20225,9
3263,R400 ,R462 ,2252.46,0.13,20262,3
3264,R200 ,R210 ,2131.68,0.12,17000,9
3265,R200 ,R210 ,3463.55,0.2,29965,9
3267,R200 ,R211 ,1207.94,0.07,13000,9
3270,R100 ,R141 ,1616.55,0.09,12400,5
3273,R300 ,R348 ,2686.86,0.16,19200,4
3274,R200 ,R244 ,3067.18,0.18,25700,9
3276,R400 ,R423 ,1044.2,0.06,12400,2
3277,R400 ,R423 ,2645.38,0.15,22496,2
3279,R100 ,R175 ,1627.21,0.09,12100,8
3281,R200 ,R258 ,1604.14,0.09,17230,10
3283,R100 ,R141 ,1513.74,0.09,16700,5
3284,R400 ,R423 ,1161.45,0.07,11300,2
3285,R400 ,R462 ,2880.72,0.17,36700,3
3287,R400 ,R452 ,1718.72,0.1,19800,1
3290,R400 ,R446 ,4845.36,0.28,43415,2
3292,R300 ,R352 ,1573.85,0.09,32600,6
3293,R200 ,R236 ,3814.79,0.22,31536,9
3295,R400 ,R412 ,1857.09,0.11,0,3
3296,R400 ,R422 ,4049.03,0.24,33425,2
3304,R400 ,R429 ,1836.82,0.11,29738,1
3305,R400 ,R470 ,3247.8,0.19,14200,1
3306,R400 ,R447 ,3985.04,0.23,31800,1
3307,R100 ,R116 ,1214.94,0.07,6300,5
3310,R400 ,R421 ,3038.08,0.18,39623,3
3315,R200 ,R261 ,2407.47,0.14,16400,9
3316,R100 ,R178 ,2398.48,0.14,18196,8
3318,R400 ,R424 ,2678.01,0.16,35000,2
